item_no,category,main_promotion,color,stars,success_indicator
405901,Sweatshirt,Catalog,Blue,3.1,Hit
644275,Polo-Shirt,Frontpage_Header,Yellow,2.6,Flop
533070,Tunic,Catalog,Green,2.7,Flop
829436,Polo-Shirt,Catalog,Yellow,2.6,Flop
801722,Tunic,Catalog,Yellow,4.9,Hit
866263,T-Shirt,Category_Highlight,Black,2.6,Hit
502221,Sweatshirt,Catalog,Red,1.6,Flop
545865,Tunic,Category_Highlight,Green,3.5,Hit
440112,Sweatshirt,Display_Ad_Campaign,Blue,3.7,Hit
930925,Tunic,Catalog,Green,2.0,Flop
687109,T-Shirt,Frontpage_Header,Multi-Color,4.4,Hit
149509,Sweatshirt,Category_Highlight,Red,1.3,Flop
729560,Tunic,Frontpage_Header,Multi-Color,2.2,Flop
102917,Tunic,Catalog,Black,3.3,Hit
912916,Tunic,Category_Highlight,Blue,4.6,Hit
193580,Sweatshirt,Catalog,Multi-Color,2.6,Flop
883117,Blouse,Display_Ad_Campaign,Black,4.1,Hit
474601,Polo-Shirt,Catalog,Pink,3.2,Hit
573513,Hoodie,Category_Highlight,Brown,4.5,Hit
119095,Tunic,Catalog,Yellow,2.7,Flop
814763,Blouse,Category_Highlight,Blue,5.3,Hit
425794,Polo-Shirt,Category_Highlight,Yellow,3.7,Hit
814748,Sweatshirt,Catalog,Red,2.4,Flop
385031,Hoodie,Frontpage_Header,Green,3.2,Hit
570778,Blouse,Category_Highlight,Pink,4.4,Hit
459694,Hoodie,Catalog,Orange,3.0,Hit
408438,Tunic,Frontpage_Header,Multi-Color,2.9,Hit
169876,Sweatshirt,Category_Highlight,Multi-Color,2.1,Flop
317922,Hoodie,Frontpage_Header,Blue,2.8,Hit
969897,T-Shirt,Catalog,Red,4.7,Hit
245976,Tunic,Category_Highlight,Brown,3.3,Hit
664681,Tunic,Catalog,Brown,4.5,Hit
727115,Blouse,Display_Ad_Campaign,Red,4.5,Hit
467098,T-Shirt,Category_Highlight,Yellow,4.0,Hit
290251,Hoodie,Frontpage_Header,Green,3.2,Hit
497026,Sweatshirt,Frontpage_Header,Yellow,3.6,Hit
367239,Tunic,Frontpage_Header,Blue,4.1,Hit
784472,T-Shirt,Frontpage_Header,Multi-Color,4.2,Hit
785030,Polo-Shirt,Catalog,Multi-Color,2.4,Flop
856803,T-Shirt,Frontpage_Header,Multi-Color,4.8,Hit
943414,Tunic,Category_Highlight,Red,2.8,Flop
962853,Polo-Shirt,Category_Highlight,Brown,2.5,Flop
279600,Sweatshirt,Frontpage_Header,Pink,3.5,Hit
701652,Sweatshirt,Catalog,Red,1.9,Flop
762305,T-Shirt,Frontpage_Header,Multi-Color,3.5,Hit
318829,Blouse,Catalog,Yellow,3.7,Hit
630666,Hoodie,Category_Highlight,White,4.2,Hit
930408,Hoodie,Display_Ad_Campaign,Yellow,4.8,Hit
886054,Blouse,Catalog,Yellow,4.1,Hit
276832,Tunic,Display_Ad_Campaign,Multi-Color,3.6,Hit
164285,Tunic,Category_Highlight,White,4.2,Hit
110037,Sweatshirt,Frontpage_Header,Blue,2.9,Hit
966885,Sweatshirt,Catalog,Black,4.8,Hit
857942,Sweatshirt,Frontpage_Header,Blue,3.0,Hit
222395,Sweatshirt,Category_Highlight,Blue,3.5,Hit
295369,Sweatshirt,Frontpage_Header,Blue,3.3,Hit
772457,T-Shirt,Category_Highlight,Multi-Color,3.6,Hit
791784,Blouse,Display_Ad_Campaign,Blue,4.4,Hit
722335,T-Shirt,Display_Ad_Campaign,Black,3.9,Hit
970934,Polo-Shirt,Catalog,Pink,3.5,Hit
754079,Polo-Shirt,Category_Highlight,Brown,3.3,Hit
576061,Blouse,Frontpage_Header,Multi-Color,1.8,Flop
759169,T-Shirt,Display_Ad_Campaign,Black,4.0,Hit
935148,Blouse,Catalog,Yellow,3.7,Hit
540046,T-Shirt,Catalog,Red,4.4,Hit
490523,Tunic,Category_Highlight,Brown,4.6,Hit
647756,Sweatshirt,Display_Ad_Campaign,Orange,5.0,Hit
644978,T-Shirt,Frontpage_Header,Blue,3.5,Hit
970215,T-Shirt,Frontpage_Header,Multi-Color,4.2,Hit
529497,Polo-Shirt,Frontpage_Header,Brown,2.2,Flop
897093,Polo-Shirt,Frontpage_Header,Multi-Color,2.9,Flop
841927,Blouse,Category_Highlight,Red,0.7,Flop
386222,Tunic,Frontpage_Header,Brown,4.4,Hit
434846,Hoodie,Display_Ad_Campaign,Yellow,2.5,Flop
918659,Hoodie,Category_Highlight,Blue,2.2,Flop
349597,T-Shirt,Frontpage_Header,Yellow,4.2,Hit
941814,Polo-Shirt,Frontpage_Header,Yellow,2.0,Flop
319451,T-Shirt,Display_Ad_Campaign,Black,4.2,Hit
407948,Polo-Shirt,Display_Ad_Campaign,Yellow,5.4,Hit
220115,Polo-Shirt,Frontpage_Header,Brown,3.0,Hit
109455,Polo-Shirt,Category_Highlight,Green,4.1,Hit
647606,Polo-Shirt,Category_Highlight,Orange,2.1,Flop
492484,T-Shirt,Frontpage_Header,Multi-Color,4.0,Hit
395013,Polo-Shirt,Catalog,Brown,3.6,Hit
189617,Polo-Shirt,Category_Highlight,Orange,2.0,Flop
398015,Tunic,Frontpage_Header,White,3.5,Hit
721079,Polo-Shirt,Catalog,Multi-Color,2.1,Flop
131543,Sweatshirt,Category_Highlight,Green,2.8,Hit
115744,T-Shirt,Category_Highlight,Multi-Color,3.8,Hit
775333,Polo-Shirt,Catalog,Yellow,3.5,Hit
739890,Polo-Shirt,Frontpage_Header,Yellow,2.4,Flop
587038,Tunic,Frontpage_Header,Yellow,3.1,Hit
836052,T-Shirt,Catalog,Red,4.0,Hit
123257,Sweatshirt,Display_Ad_Campaign,Blue,2.7,Hit
974196,Polo-Shirt,Catalog,Pink,2.3,Flop
734388,T-Shirt,Category_Highlight,Pink,4.0,Hit
778757,Tunic,Category_Highlight,Yellow,2.5,Flop
784118,Blouse,Display_Ad_Campaign,Yellow,3.9,Hit
898734,Blouse,Frontpage_Header,Black,4.5,Hit
688117,Polo-Shirt,Catalog,Pink,4.1,Hit
511823,Tunic,Catalog,Yellow,2.6,Flop
983473,Polo-Shirt,Catalog,Pink,3.6,Hit
154105,Tunic,Category_Highlight,Multi-Color,2.8,Flop
115041,T-Shirt,Category_Highlight,Green,4.7,Hit
968393,Polo-Shirt,Display_Ad_Campaign,Multi-Color,4.5,Hit
242057,Sweatshirt,Frontpage_Header,Yellow,3.5,Hit
162271,T-Shirt,Category_Highlight,Green,5.2,Hit
458062,Tunic,Category_Highlight,Multi-Color,3.1,Flop
438761,Blouse,Catalog,Black,4.8,Hit
668110,Polo-Shirt,Catalog,Red,3.0,Flop
172785,Blouse,Frontpage_Header,Yellow,3.0,Hit
453639,Tunic,Display_Ad_Campaign,Black,2.6,Flop
713499,Tunic,Catalog,Black,4.8,Hit
261999,Sweatshirt,Category_Highlight,Blue,2.4,Flop
464035,Polo-Shirt,Category_Highlight,Yellow,2.4,Flop
327456,T-Shirt,Display_Ad_Campaign,Black,3.8,Hit
983694,Polo-Shirt,Display_Ad_Campaign,Blue,2.7,Flop
376951,Blouse,Category_Highlight,Yellow,4.1,Hit
330640,T-Shirt,Frontpage_Header,Multi-Color,4.1,Hit
180829,Hoodie,Frontpage_Header,Blue,2.6,Hit
299479,Polo-Shirt,Catalog,Green,3.1,Flop
230030,Hoodie,Catalog,Yellow,3.1,Hit
482137,Polo-Shirt,Catalog,Multi-Color,3.0,Flop
976803,T-Shirt,Display_Ad_Campaign,Blue,5.0,Hit
876914,T-Shirt,Category_Highlight,Yellow,3.7,Hit
981992,Hoodie,Catalog,Yellow,3.8,Hit
265942,Tunic,Display_Ad_Campaign,Black,2.8,Flop
851175,Polo-Shirt,Category_Highlight,Red,3.1,Flop
279945,Sweatshirt,Category_Highlight,Red,2.3,Flop
191627,Sweatshirt,Frontpage_Header,Red,3.8,Hit
901431,Polo-Shirt,Category_Highlight,Brown,2.9,Flop
398751,Blouse,Frontpage_Header,Blue,3.8,Hit
664706,Blouse,Frontpage_Header,Black,5.2,Hit
143798,Tunic,Category_Highlight,Red,3.0,Flop
815447,T-Shirt,Frontpage_Header,Multi-Color,4.0,Hit
539136,Polo-Shirt,Catalog,Blue,1.9,Flop
652191,Tunic,Frontpage_Header,Multi-Color,3.9,Hit
774593,T-Shirt,Frontpage_Header,Multi-Color,4.5,Hit
569599,Sweatshirt,Display_Ad_Campaign,Orange,4.1,Hit
437550,Tunic,Display_Ad_Campaign,Multi-Color,4.4,Hit
313273,Hoodie,Display_Ad_Campaign,Yellow,4.1,Hit
441230,Polo-Shirt,Category_Highlight,Multi-Color,2.6,Flop
814153,Tunic,Category_Highlight,Orange,3.2,Hit
195429,Hoodie,Catalog,Green,4.0,Hit
400415,Polo-Shirt,Frontpage_Header,White,2.7,Flop
851810,Polo-Shirt,Frontpage_Header,Yellow,3.0,Flop
614622,Sweatshirt,Display_Ad_Campaign,Blue,4.0,Hit
660180,Sweatshirt,Category_Highlight,Orange,3.9,Hit
814665,Tunic,Category_Highlight,Yellow,2.4,Flop
179851,Tunic,Display_Ad_Campaign,Multi-Color,3.8,Hit
441106,Blouse,Frontpage_Header,Black,4.7,Hit
633865,Polo-Shirt,Frontpage_Header,Brown,2.5,Flop
882647,Hoodie,Catalog,Green,3.9,Hit
167009,T-Shirt,Display_Ad_Campaign,Blue,4.2,Hit
683324,Tunic,Frontpage_Header,Green,3.7,Hit
981552,Blouse,Frontpage_Header,Multi-Color,2.6,Flop
604324,T-Shirt,Catalog,Black,4.3,Hit
597788,Blouse,Display_Ad_Campaign,Brown,4.7,Hit
650402,Polo-Shirt,Catalog,Blue,3.3,Hit
473554,Tunic,Catalog,Green,4.0,Hit
118414,Hoodie,Frontpage_Header,Yellow,3.5,Hit
849960,Polo-Shirt,Display_Ad_Campaign,Yellow,4.8,Hit
826829,Sweatshirt,Frontpage_Header,Green,2.9,Hit
305559,Sweatshirt,Category_Highlight,Yellow,3.6,Hit
893558,Sweatshirt,Frontpage_Header,Green,3.1,Hit
639962,Polo-Shirt,Category_Highlight,Red,3.7,Flop
375994,Blouse,Frontpage_Header,Red,4.7,Hit
266819,Hoodie,Category_Highlight,Yellow,2.0,Flop
798530,Polo-Shirt,Frontpage_Header,Multi-Color,3.1,Flop
408189,Blouse,Catalog,Yellow,4.1,Hit
426496,Polo-Shirt,Category_Highlight,Blue,3.5,Hit
325399,Polo-Shirt,Catalog,Yellow,3.2,Flop
799758,Sweatshirt,Catalog,Red,4.6,Hit
195405,Polo-Shirt,Display_Ad_Campaign,Yellow,5.0,Hit
901885,Sweatshirt,Catalog,Orange,4.9,Hit
536061,Sweatshirt,Frontpage_Header,Blue,3.2,Hit
919681,Polo-Shirt,Catalog,Green,3.9,Hit
274563,Tunic,Catalog,Yellow,4.8,Hit
343995,T-Shirt,Catalog,Orange,4.7,Hit
142694,T-Shirt,Catalog,Red,4.0,Hit
642383,Tunic,Category_Highlight,Brown,4.4,Hit
213282,Sweatshirt,Catalog,Red,2.0,Flop
554935,T-Shirt,Display_Ad_Campaign,Brown,4.5,Hit
919701,T-Shirt,Display_Ad_Campaign,Black,3.7,Hit
508378,T-Shirt,Category_Highlight,Multi-Color,1.7,Flop
102691,Blouse,Frontpage_Header,Multi-Color,3.6,Hit
375405,T-Shirt,Catalog,Brown,4.8,Hit
784987,Tunic,Catalog,Green,3.9,Hit
937565,T-Shirt,Catalog,Yellow,4.9,Hit
285335,Blouse,Display_Ad_Campaign,Black,3.6,Hit
703782,Polo-Shirt,Category_Highlight,Yellow,3.8,Hit
774363,Blouse,Frontpage_Header,Red,2.7,Flop
515870,Tunic,Category_Highlight,Yellow,1.9,Flop
695396,Blouse,Frontpage_Header,Blue,4.3,Hit
373432,Sweatshirt,Category_Highlight,Blue,3.7,Hit
416048,Tunic,Category_Highlight,Pink,2.5,Flop
750736,T-Shirt,Catalog,Yellow,4.3,Hit
967693,Polo-Shirt,Display_Ad_Campaign,Yellow,4.6,Hit
193310,Tunic,Display_Ad_Campaign,Black,2.2,Flop
544350,Sweatshirt,Display_Ad_Campaign,Blue,3.0,Hit
974955,Polo-Shirt,Category_Highlight,Pink,2.5,Flop
621635,Blouse,Frontpage_Header,Red,4.8,Hit
214825,Sweatshirt,Catalog,Red,2.8,Flop
853487,T-Shirt,Frontpage_Header,Blue,3.3,Hit
386571,T-Shirt,Catalog,Red,3.7,Hit
699941,Tunic,Display_Ad_Campaign,Multi-Color,4.4,Hit
580090,Polo-Shirt,Category_Highlight,Blue,3.9,Hit
923675,Tunic,Display_Ad_Campaign,Yellow,5.4,Hit
465875,Blouse,Category_Highlight,Yellow,3.9,Hit
123040,Polo-Shirt,Catalog,Yellow,3.1,Flop
214570,T-Shirt,Frontpage_Header,Multi-Color,4.8,Hit
916090,T-Shirt,Category_Highlight,Blue,2.6,Hit
839608,Polo-Shirt,Catalog,Pink,3.8,Hit
221853,Blouse,Catalog,Multi-Color,1.7,Flop
414945,Blouse,Display_Ad_Campaign,Brown,4.7,Hit
467491,Tunic,Category_Highlight,Blue,4.8,Hit
678849,Sweatshirt,Frontpage_Header,Pink,3.8,Hit
323151,T-Shirt,Category_Highlight,Red,3.5,Hit
155323,Sweatshirt,Category_Highlight,Red,1.7,Flop
695280,Polo-Shirt,Catalog,Blue,1.5,Flop
901454,Polo-Shirt,Display_Ad_Campaign,Yellow,4.6,Hit
513128,Blouse,Frontpage_Header,Black,5.0,Hit
403056,Sweatshirt,Category_Highlight,Red,1.5,Flop
595615,T-Shirt,Frontpage_Header,Multi-Color,5.5,Hit
166042,Blouse,Frontpage_Header,White,3.5,Hit
177742,Blouse,Frontpage_Header,Blue,3.8,Hit
232771,T-Shirt,Catalog,Red,4.7,Hit
590649,Hoodie,Category_Highlight,Brown,3.5,Hit
138171,Tunic,Category_Highlight,Green,3.6,Hit
564788,Tunic,Frontpage_Header,Blue,3.6,Hit
178377,Hoodie,Catalog,Orange,2.5,Flop
482611,Hoodie,Catalog,Orange,3.1,Hit
949567,Blouse,Display_Ad_Campaign,Brown,5.6,Hit
871989,Tunic,Category_Highlight,Green,3.0,Flop
846015,Sweatshirt,Catalog,Blue,4.9,Hit
555573,Sweatshirt,Display_Ad_Campaign,Orange,4.9,Hit
547597,Sweatshirt,Catalog,Multi-Color,3.3,Hit
192266,Polo-Shirt,Frontpage_Header,Brown,3.4,Hit
432182,Tunic,Category_Highlight,Multi-Color,3.7,Hit
609178,Sweatshirt,Display_Ad_Campaign,Blue,3.0,Hit
779428,Blouse,Display_Ad_Campaign,Black,4.6,Hit
714817,Blouse,Catalog,Yellow,4.3,Hit
339080,Polo-Shirt,Frontpage_Header,Yellow,3.0,Flop
745622,Tunic,Category_Highlight,Green,3.4,Hit
874240,Tunic,Category_Highlight,White,4.3,Hit
523028,Polo-Shirt,Category_Highlight,Blue,4.4,Hit
956343,Blouse,Category_Highlight,Yellow,4.2,Hit
226086,Tunic,Frontpage_Header,Multi-Color,2.9,Hit
213363,T-Shirt,Category_Highlight,Yellow,4.1,Hit
534174,Tunic,Catalog,Blue,2.1,Flop
842296,Tunic,Display_Ad_Campaign,Black,2.6,Flop
140697,Polo-Shirt,Catalog,White,2.2,Flop
319805,Hoodie,Catalog,Black,5.1,Hit
114353,T-Shirt,Display_Ad_Campaign,Blue,4.8,Hit
564634,T-Shirt,Frontpage_Header,Multi-Color,4.7,Hit
848734,Blouse,Frontpage_Header,Orange,4.9,Hit
557900,Tunic,Category_Highlight,Red,3.4,Flop
576356,Sweatshirt,Frontpage_Header,Blue,1.8,Flop
912807,Tunic,Display_Ad_Campaign,Black,2.9,Flop
702962,Blouse,Catalog,Black,5.0,Hit
824892,Sweatshirt,Frontpage_Header,Blue,3.9,Hit
970217,Polo-Shirt,Display_Ad_Campaign,Yellow,5.1,Hit
262468,Hoodie,Catalog,Blue,5.2,Hit
340177,Sweatshirt,Catalog,Orange,3.5,Hit
892943,Polo-Shirt,Frontpage_Header,Green,3.0,Hit
764873,Sweatshirt,Display_Ad_Campaign,Orange,4.1,Hit
553468,T-Shirt,Catalog,Red,2.1,Flop
879508,Tunic,Frontpage_Header,Multi-Color,3.1,Hit
556487,T-Shirt,Catalog,Multi-Color,1.6,Flop
665717,Blouse,Category_Highlight,Multi-Color,2.8,Flop
803368,T-Shirt,Frontpage_Header,Yellow,4.5,Hit
744932,T-Shirt,Category_Highlight,Brown,4.4,Hit
246630,T-Shirt,Category_Highlight,Yellow,4.1,Hit
173865,Blouse,Frontpage_Header,Blue,4.1,Hit
859807,Blouse,Category_Highlight,Red,0.9,Flop
165635,Tunic,Catalog,Blue,4.4,Hit
564009,Tunic,Display_Ad_Campaign,Black,1.9,Flop
659395,Tunic,Category_Highlight,Blue,4.9,Hit
458963,Blouse,Display_Ad_Campaign,Blue,5.1,Hit
903151,Blouse,Display_Ad_Campaign,Blue,4.8,Hit
511153,Blouse,Frontpage_Header,Multi-Color,2.6,Flop
815515,Blouse,Frontpage_Header,Multi-Color,2.2,Flop
301906,Sweatshirt,Catalog,Red,2.3,Flop
437041,Sweatshirt,Catalog,Yellow,4.0,Hit
612276,Polo-Shirt,Catalog,Blue,2.2,Flop
120599,Hoodie,Category_Highlight,White,3.9,Hit
979244,Blouse,Category_Highlight,Blue,2.7,Flop
683284,Polo-Shirt,Category_Highlight,Black,3.7,Hit
162925,Polo-Shirt,Display_Ad_Campaign,Multi-Color,2.6,Flop
250925,Tunic,Frontpage_Header,Blue,3.4,Hit
581716,Blouse,Frontpage_Header,Black,4.4,Hit
182762,Sweatshirt,Display_Ad_Campaign,Orange,4.2,Hit
106860,Tunic,Category_Highlight,Multi-Color,3.4,Hit
504307,Tunic,Catalog,Yellow,4.6,Hit
174276,Sweatshirt,Catalog,Yellow,3.8,Hit
652798,T-Shirt,Display_Ad_Campaign,Black,4.1,Hit
746260,Tunic,Display_Ad_Campaign,Multi-Color,4.2,Hit
667972,Tunic,Frontpage_Header,Blue,3.7,Hit
402925,T-Shirt,Frontpage_Header,Red,4.1,Hit
829592,Sweatshirt,Catalog,Orange,3.7,Hit
893142,T-Shirt,Catalog,Red,4.6,Hit
430635,T-Shirt,Category_Highlight,Green,5.0,Hit
668519,Polo-Shirt,Category_Highlight,Brown,3.2,Hit
696860,T-Shirt,Category_Highlight,Red,4.8,Hit
640199,Polo-Shirt,Category_Highlight,Orange,2.1,Flop
196555,Tunic,Display_Ad_Campaign,Yellow,4.7,Hit
370095,Tunic,Catalog,Multi-Color,3.1,Flop
581581,T-Shirt,Catalog,Multi-Color,1.7,Flop
435567,Blouse,Catalog,Pink,4.6,Hit
490965,Sweatshirt,Category_Highlight,Brown,4.3,Hit
929397,Tunic,Category_Highlight,Green,2.6,Flop
575152,T-Shirt,Category_Highlight,Multi-Color,3.5,Hit
367455,Tunic,Frontpage_Header,Black,4.0,Hit
936795,Sweatshirt,Category_Highlight,Blue,4.1,Hit
703626,Polo-Shirt,Category_Highlight,Black,3.7,Hit
930875,Sweatshirt,Display_Ad_Campaign,Pink,4.3,Hit
329404,Polo-Shirt,Frontpage_Header,Green,2.4,Flop
441535,Tunic,Display_Ad_Campaign,Multi-Color,4.1,Hit
188593,Blouse,Category_Highlight,Multi-Color,2.7,Flop
637831,Polo-Shirt,Category_Highlight,White,3.3,Hit
765331,Blouse,Category_Highlight,Orange,2.9,Hit
517846,T-Shirt,Category_Highlight,Brown,5.0,Hit
483344,Sweatshirt,Frontpage_Header,Green,3.2,Hit
555404,Sweatshirt,Frontpage_Header,Multi-Color,1.9,Flop
971471,Polo-Shirt,Category_Highlight,Yellow,3.8,Hit
136838,Blouse,Frontpage_Header,Black,5.3,Hit
261962,Sweatshirt,Category_Highlight,Red,1.5,Flop
568747,Sweatshirt,Catalog,Red,4.5,Hit
655360,Tunic,Category_Highlight,Red,2.9,Flop
250089,T-Shirt,Catalog,Black,3.8,Hit
827812,Sweatshirt,Frontpage_Header,Red,3.2,Hit
204707,Sweatshirt,Catalog,Multi-Color,2.1,Flop
669651,Sweatshirt,Display_Ad_Campaign,Blue,3.1,Hit
401751,Polo-Shirt,Frontpage_Header,Brown,2.2,Flop
133081,Hoodie,Frontpage_Header,Yellow,2.3,Flop
292688,Sweatshirt,Display_Ad_Campaign,Blue,5.5,Hit
280356,T-Shirt,Catalog,Yellow,4.3,Hit
485005,Tunic,Category_Highlight,Brown,4.4,Hit
222799,Tunic,Category_Highlight,Multi-Color,3.4,Hit
311892,T-Shirt,Frontpage_Header,Multi-Color,4.5,Hit
307455,Tunic,Frontpage_Header,Multi-Color,4.4,Hit
695122,Blouse,Frontpage_Header,Red,4.4,Hit
744063,Tunic,Catalog,Brown,3.2,Hit
148941,T-Shirt,Category_Highlight,Red,3.5,Hit
468830,T-Shirt,Category_Highlight,Yellow,4.9,Hit
167556,Hoodie,Display_Ad_Campaign,Blue,2.7,Hit
383089,T-Shirt,Category_Highlight,Blue,2.9,Hit
820643,Blouse,Frontpage_Header,Red,5.1,Hit
191749,Polo-Shirt,Category_Highlight,Blue,1.3,Flop
880029,Hoodie,Catalog,Yellow,2.7,Flop
355961,Hoodie,Catalog,Green,4.1,Hit
578086,Sweatshirt,Catalog,Orange,4.6,Hit
168519,Hoodie,Category_Highlight,Blue,3.5,Hit
853189,Blouse,Frontpage_Header,Black,3.6,Hit
329863,T-Shirt,Category_Highlight,Orange,5.2,Hit
698969,Hoodie,Category_Highlight,Brown,3.6,Hit
511146,Polo-Shirt,Frontpage_Header,Yellow,2.7,Flop
357447,T-Shirt,Display_Ad_Campaign,Multi-Color,4.1,Hit
405831,Blouse,Frontpage_Header,Blue,4.2,Hit
534457,Sweatshirt,Catalog,Red,3.6,Hit
886475,Tunic,Category_Highlight,Red,2.7,Flop
556509,Sweatshirt,Category_Highlight,Black,4.7,Hit
909463,Tunic,Frontpage_Header,Multi-Color,3.0,Hit
626936,Polo-Shirt,Display_Ad_Campaign,Yellow,4.8,Hit
264213,T-Shirt,Catalog,Pink,3.4,Hit
314141,Polo-Shirt,Frontpage_Header,Green,2.4,Flop
289635,Sweatshirt,Display_Ad_Campaign,Orange,4.3,Hit
594452,Hoodie,Category_Highlight,Brown,3.5,Hit
712132,Tunic,Display_Ad_Campaign,Black,2.3,Flop
383060,Hoodie,Catalog,Multi-Color,3.5,Hit
924897,Blouse,Category_Highlight,Yellow,3.5,Hit
306979,Polo-Shirt,Frontpage_Header,Brown,2.1,Flop
182443,T-Shirt,Category_Highlight,Green,5.6,Hit
404543,Sweatshirt,Frontpage_Header,Blue,3.6,Hit
709956,Polo-Shirt,Catalog,Yellow,3.7,Hit
272596,Hoodie,Frontpage_Header,Blue,4.3,Hit
134326,Blouse,Catalog,Yellow,3.5,Hit
156003,Blouse,Category_Highlight,Yellow,4.5,Hit
799209,T-Shirt,Catalog,Red,4.2,Hit
297601,Polo-Shirt,Category_Highlight,Multi-Color,2.8,Flop
564668,Polo-Shirt,Catalog,Orange,2.0,Flop
259352,T-Shirt,Catalog,Orange,4.0,Hit
615654,Blouse,Display_Ad_Campaign,Black,3.3,Hit
494406,Sweatshirt,Frontpage_Header,Blue,3.0,Hit
879239,Tunic,Category_Highlight,Yellow,2.5,Flop
838970,Tunic,Category_Highlight,Green,3.1,Hit
150140,Tunic,Category_Highlight,Multi-Color,3.4,Hit
579463,Polo-Shirt,Category_Highlight,Pink,1.7,Flop
818986,Polo-Shirt,Display_Ad_Campaign,Multi-Color,2.8,Flop
262684,Sweatshirt,Category_Highlight,Multi-Color,1.5,Flop
446490,Sweatshirt,Display_Ad_Campaign,Pink,5.0,Hit
163740,Blouse,Category_Highlight,Multi-Color,2.4,Flop
174307,Tunic,Display_Ad_Campaign,Multi-Color,3.7,Hit
914783,T-Shirt,Category_Highlight,Multi-Color,3.8,Hit
490100,Polo-Shirt,Frontpage_Header,Brown,3.2,Hit
897361,Sweatshirt,Catalog,Blue,4.7,Hit
685873,T-Shirt,Category_Highlight,Yellow,3.6,Hit
196181,T-Shirt,Display_Ad_Campaign,Red,4.2,Hit
589185,Polo-Shirt,Category_Highlight,Yellow,3.8,Hit
899075,Sweatshirt,Catalog,Red,1.5,Flop
321361,T-Shirt,Frontpage_Header,Yellow,3.7,Hit
559231,Hoodie,Category_Highlight,Blue,4.7,Hit
732944,Tunic,Category_Highlight,Yellow,3.2,Flop
318035,Blouse,Frontpage_Header,Multi-Color,2.5,Flop
438944,Tunic,Category_Highlight,Brown,4.5,Hit
772303,Tunic,Frontpage_Header,Multi-Color,2.9,Hit
258211,T-Shirt,Category_Highlight,Multi-Color,2.7,Hit
458252,Polo-Shirt,Frontpage_Header,Brown,2.4,Flop
848585,Blouse,Display_Ad_Campaign,Brown,5.0,Hit
315144,Tunic,Category_Highlight,Yellow,4.2,Hit
106872,T-Shirt,Catalog,Black,3.8,Hit
844320,Tunic,Display_Ad_Campaign,Black,2.3,Flop
472863,Tunic,Catalog,Green,3.4,Hit
662967,Tunic,Catalog,Green,2.1,Flop
517788,Sweatshirt,Frontpage_Header,Pink,3.5,Hit
377057,Blouse,Frontpage_Header,Multi-Color,2.2,Flop
484311,Sweatshirt,Frontpage_Header,Blue,3.2,Hit
253753,T-Shirt,Frontpage_Header,Green,4.9,Hit
247125,T-Shirt,Category_Highlight,Blue,3.1,Hit
695744,Polo-Shirt,Catalog,Red,3.0,Flop
912784,Polo-Shirt,Frontpage_Header,Green,3.7,Hit
660248,Sweatshirt,Catalog,Red,2.0,Flop
520087,Polo-Shirt,Catalog,Green,3.7,Hit
248395,Tunic,Category_Highlight,Brown,4.1,Hit
912533,Polo-Shirt,Frontpage_Header,Brown,2.9,Hit
639704,Hoodie,Category_Highlight,Yellow,3.5,Hit
218136,Polo-Shirt,Catalog,Yellow,4.3,Hit
314259,Hoodie,Catalog,Orange,2.8,Hit
429451,Blouse,Frontpage_Header,Red,2.0,Flop
233317,Blouse,Catalog,Yellow,3.4,Hit
743703,T-Shirt,Catalog,Black,3.4,Hit
481926,Polo-Shirt,Category_Highlight,Brown,4.4,Hit
404376,Polo-Shirt,Category_Highlight,Orange,2.9,Flop
226342,Polo-Shirt,Display_Ad_Campaign,Blue,1.7,Flop
463547,T-Shirt,Category_Highlight,Multi-Color,1.1,Flop
240490,Blouse,Frontpage_Header,Pink,3.4,Hit
621890,Polo-Shirt,Catalog,Multi-Color,3.2,Flop
169742,T-Shirt,Category_Highlight,White,3.3,Hit
679229,Tunic,Category_Highlight,Multi-Color,3.8,Hit
688101,Polo-Shirt,Catalog,Multi-Color,2.8,Flop
638169,Hoodie,Category_Highlight,Multi-Color,2.5,Flop
832660,T-Shirt,Frontpage_Header,Multi-Color,5.1,Hit
435886,T-Shirt,Display_Ad_Campaign,Black,3.1,Hit
781409,Sweatshirt,Catalog,Yellow,2.7,Flop
568939,Polo-Shirt,Catalog,Yellow,3.3,Flop
594461,T-Shirt,Category_Highlight,Green,5.2,Hit
874853,Hoodie,Catalog,Green,3.3,Hit
254134,Hoodie,Frontpage_Header,Green,3.3,Hit
251560,T-Shirt,Catalog,Brown,5.5,Hit
707719,Hoodie,Frontpage_Header,Pink,3.8,Hit
251462,Sweatshirt,Catalog,Orange,4.9,Hit
435838,Sweatshirt,Catalog,Orange,3.2,Hit
974789,Tunic,Category_Highlight,Red,3.1,Flop
520651,Tunic,Catalog,Yellow,2.2,Flop
586551,Sweatshirt,Catalog,Red,2.4,Flop
135880,Polo-Shirt,Category_Highlight,Multi-Color,3.1,Flop
187966,Blouse,Frontpage_Header,Black,4.7,Hit
970019,Blouse,Frontpage_Header,Multi-Color,2.2,Flop
551561,Sweatshirt,Category_Highlight,Red,1.6,Flop
399201,T-Shirt,Category_Highlight,Green,4.4,Hit
441037,T-Shirt,Display_Ad_Campaign,Multi-Color,1.4,Flop
143998,Polo-Shirt,Catalog,Blue,2.2,Flop
557305,Sweatshirt,Catalog,Red,2.1,Flop
274285,Polo-Shirt,Frontpage_Header,Yellow,2.1,Flop
803852,Blouse,Frontpage_Header,Multi-Color,3.0,Flop
348525,Hoodie,Display_Ad_Campaign,Yellow,4.9,Hit
308669,Blouse,Category_Highlight,Black,4.7,Hit
869277,Tunic,Category_Highlight,Multi-Color,3.8,Hit
199341,Tunic,Display_Ad_Campaign,Blue,2.6,Flop
651051,T-Shirt,Frontpage_Header,Multi-Color,2.6,Hit
753002,Tunic,Frontpage_Header,Red,2.6,Flop
267404,Blouse,Category_Highlight,Blue,3.0,Hit
379861,Blouse,Category_Highlight,Blue,2.8,Flop
325567,T-Shirt,Category_Highlight,Yellow,3.2,Hit
796713,Tunic,Display_Ad_Campaign,Black,3.0,Flop
339116,Polo-Shirt,Category_Highlight,Blue,3.3,Hit
133865,T-Shirt,Category_Highlight,Green,5.6,Hit
680989,T-Shirt,Catalog,Red,4.1,Hit
299120,Polo-Shirt,Catalog,Multi-Color,3.3,Flop
487233,Sweatshirt,Catalog,Orange,4.2,Hit
468763,Blouse,Frontpage_Header,Multi-Color,2.4,Flop
277300,Tunic,Display_Ad_Campaign,Blue,3.7,Hit
972753,Polo-Shirt,Category_Highlight,Multi-Color,2.4,Flop
510628,Blouse,Display_Ad_Campaign,Blue,4.8,Hit
416734,Sweatshirt,Catalog,Red,2.7,Flop
174955,Tunic,Category_Highlight,Yellow,2.4,Flop
364746,T-Shirt,Category_Highlight,Multi-Color,4.2,Hit
615250,Sweatshirt,Frontpage_Header,Green,3.4,Hit
124202,Sweatshirt,Frontpage_Header,Green,3.2,Hit
739660,Polo-Shirt,Category_Highlight,Brown,2.5,Flop
308940,Hoodie,Catalog,Orange,3.3,Hit
868652,Sweatshirt,Category_Highlight,Red,1.1,Flop
966958,Hoodie,Catalog,Yellow,3.1,Hit
202347,Blouse,Display_Ad_Campaign,White,4.7,Hit
760953,Sweatshirt,Category_Highlight,Orange,1.5,Flop
269233,Sweatshirt,Catalog,Orange,4.0,Hit
349894,Blouse,Frontpage_Header,Multi-Color,2.9,Flop
776527,Hoodie,Category_Highlight,Red,3.3,Hit
906765,Blouse,Frontpage_Header,Multi-Color,2.2,Flop
229393,Blouse,Catalog,Yellow,4.9,Hit
332757,T-Shirt,Catalog,Red,4.6,Hit
218544,Sweatshirt,Frontpage_Header,Pink,3.7,Hit
923050,Hoodie,Catalog,Pink,3.7,Hit
382734,Polo-Shirt,Frontpage_Header,Blue,4.0,Hit
715821,Blouse,Display_Ad_Campaign,Brown,5.4,Hit
475129,Blouse,Frontpage_Header,Blue,4.3,Hit
186227,Sweatshirt,Frontpage_Header,Blue,3.1,Hit
546403,Polo-Shirt,Frontpage_Header,Brown,2.6,Flop
760505,Sweatshirt,Catalog,Brown,4.4,Hit
616766,Blouse,Display_Ad_Campaign,Blue,5.5,Hit
633102,T-Shirt,Display_Ad_Campaign,Blue,4.2,Hit
189152,T-Shirt,Frontpage_Header,Yellow,4.1,Hit
207216,Tunic,Frontpage_Header,Blue,3.3,Hit
964737,T-Shirt,Catalog,Multi-Color,1.5,Flop
801860,Tunic,Frontpage_Header,Multi-Color,2.6,Flop
550856,Sweatshirt,Catalog,Red,1.3,Flop
464020,Blouse,Display_Ad_Campaign,Blue,5.0,Hit
516605,T-Shirt,Catalog,Blue,3.6,Hit
744379,Tunic,Category_Highlight,Green,3.1,Hit
300266,Tunic,Display_Ad_Campaign,Red,4.2,Hit
193277,T-Shirt,Category_Highlight,Yellow,4.6,Hit
526045,Hoodie,Catalog,Black,4.7,Hit
559111,Blouse,Frontpage_Header,Black,4.3,Hit
899139,Sweatshirt,Catalog,Multi-Color,2.7,Flop
135528,Blouse,Frontpage_Header,Red,3.6,Hit
148605,Sweatshirt,Display_Ad_Campaign,Orange,4.9,Hit
663492,Polo-Shirt,Frontpage_Header,Brown,2.8,Flop
867621,Polo-Shirt,Category_Highlight,Pink,2.5,Flop
338365,Hoodie,Catalog,Green,3.9,Hit
656266,Tunic,Frontpage_Header,Multi-Color,2.7,Flop
488335,Hoodie,Catalog,Green,4.0,Hit
185095,Tunic,Display_Ad_Campaign,Multi-Color,4.6,Hit
279735,Blouse,Catalog,Blue,2.5,Flop
784723,Tunic,Frontpage_Header,Red,2.3,Flop
544448,Tunic,Category_Highlight,Blue,4.6,Hit
736156,T-Shirt,Catalog,Multi-Color,3.5,Hit
282753,T-Shirt,Frontpage_Header,Yellow,4.3,Hit
335177,Polo-Shirt,Catalog,Red,2.7,Flop
510840,Tunic,Category_Highlight,Multi-Color,3.2,Flop
532947,T-Shirt,Frontpage_Header,Multi-Color,4.6,Hit
616902,Blouse,Category_Highlight,Yellow,4.2,Hit
732746,Tunic,Category_Highlight,Multi-Color,3.8,Hit
451593,Sweatshirt,Frontpage_Header,Red,4.6,Hit
742658,Sweatshirt,Frontpage_Header,Yellow,3.7,Hit
671119,Sweatshirt,Display_Ad_Campaign,Blue,3.2,Hit
129318,Tunic,Category_Highlight,Multi-Color,2.9,Flop
385525,T-Shirt,Catalog,Red,5.0,Hit
725978,Sweatshirt,Frontpage_Header,White,4.7,Hit
773216,Sweatshirt,Catalog,Orange,3.1,Hit
621704,Polo-Shirt,Frontpage_Header,Brown,3.5,Hit
121124,Sweatshirt,Display_Ad_Campaign,Blue,3.8,Hit
971715,Polo-Shirt,Category_Highlight,Orange,3.5,Hit
608695,Hoodie,Category_Highlight,White,4.2,Hit
675955,Sweatshirt,Display_Ad_Campaign,Orange,4.6,Hit
604888,T-Shirt,Frontpage_Header,Multi-Color,2.6,Hit
415636,Sweatshirt,Catalog,Black,4.0,Hit
383328,Tunic,Display_Ad_Campaign,Multi-Color,4.1,Hit
617399,Polo-Shirt,Category_Highlight,Blue,1.9,Flop
963003,T-Shirt,Category_Highlight,Black,3.1,Hit
163379,Hoodie,Catalog,Black,5.2,Hit
557853,Polo-Shirt,Display_Ad_Campaign,Multi-Color,3.3,Flop
234263,Polo-Shirt,Category_Highlight,Red,2.6,Flop
849393,T-Shirt,Category_Highlight,Blue,1.9,Flop
780035,Hoodie,Category_Highlight,Blue,4.5,Hit
450354,Blouse,Frontpage_Header,Red,5.0,Hit
826034,T-Shirt,Frontpage_Header,Black,5.0,Hit
163612,Hoodie,Catalog,Pink,2.9,Hit
544374,Sweatshirt,Catalog,Orange,3.2,Hit
120113,Polo-Shirt,Catalog,Blue,1.4,Flop
444897,Sweatshirt,Frontpage_Header,Blue,3.0,Hit
442678,Polo-Shirt,Category_Highlight,White,3.4,Hit
592430,Polo-Shirt,Category_Highlight,Orange,3.1,Hit
967589,Blouse,Display_Ad_Campaign,Brown,5.2,Hit
123221,Sweatshirt,Display_Ad_Campaign,White,2.8,Hit
813098,Polo-Shirt,Catalog,Blue,2.3,Flop
810786,Polo-Shirt,Category_Highlight,Multi-Color,3.0,Flop
701204,Hoodie,Category_Highlight,Black,4.9,Hit
782494,Sweatshirt,Catalog,Yellow,2.8,Flop
888945,Tunic,Catalog,Green,2.5,Flop
628275,Polo-Shirt,Catalog,Pink,4.8,Hit
259377,T-Shirt,Category_Highlight,Green,4.8,Hit
384420,T-Shirt,Catalog,Blue,2.4,Hit
604561,Hoodie,Catalog,Pink,2.9,Hit
202047,T-Shirt,Frontpage_Header,Yellow,4.2,Hit
646834,Polo-Shirt,Frontpage_Header,Yellow,2.4,Flop
335083,Tunic,Catalog,Green,2.9,Flop
159084,Blouse,Frontpage_Header,Black,4.1,Hit
959812,Sweatshirt,Catalog,Orange,3.8,Hit
357687,Polo-Shirt,Category_Highlight,Yellow,2.1,Flop
470250,Polo-Shirt,Category_Highlight,Blue,3.2,Hit
487354,T-Shirt,Frontpage_Header,Red,4.8,Hit
895104,Tunic,Frontpage_Header,Brown,3.9,Hit
606794,Polo-Shirt,Category_Highlight,White,3.4,Hit
710520,Hoodie,Category_Highlight,White,4.7,Hit
397662,Polo-Shirt,Category_Highlight,Blue,2.2,Flop
848055,Polo-Shirt,Category_Highlight,Multi-Color,3.7,Hit
299575,Polo-Shirt,Category_Highlight,Blue,2.9,Flop
899665,T-Shirt,Catalog,Red,3.9,Hit
172077,Tunic,Display_Ad_Campaign,Black,2.6,Flop
492768,Polo-Shirt,Display_Ad_Campaign,Blue,1.4,Flop
107201,Blouse,Frontpage_Header,Black,4.6,Hit
480723,T-Shirt,Catalog,Red,4.6,Hit
814031,Sweatshirt,Display_Ad_Campaign,Black,3.6,Hit
194205,Blouse,Frontpage_Header,Blue,2.7,Hit
982097,Tunic,Frontpage_Header,Red,4.0,Hit
979338,Sweatshirt,Frontpage_Header,Green,2.8,Hit
796782,Polo-Shirt,Category_Highlight,Blue,3.5,Hit
860348,T-Shirt,Display_Ad_Campaign,Blue,4.9,Hit
529666,Polo-Shirt,Catalog,Blue,2.0,Flop
858331,Polo-Shirt,Display_Ad_Campaign,Black,3.2,Flop
358350,T-Shirt,Category_Highlight,Green,5.2,Hit
624525,Polo-Shirt,Display_Ad_Campaign,Pink,4.8,Hit
925924,Tunic,Category_Highlight,Multi-Color,3.8,Hit
757990,Tunic,Category_Highlight,Brown,3.8,Hit
163613,Tunic,Category_Highlight,Blue,4.3,Hit
158796,Polo-Shirt,Display_Ad_Campaign,Blue,2.2,Flop
289830,Tunic,Frontpage_Header,Multi-Color,3.6,Hit
359162,T-Shirt,Category_Highlight,Blue,3.6,Hit
494926,Tunic,Frontpage_Header,Yellow,2.6,Flop
460375,Tunic,Catalog,Blue,4.3,Hit
200830,T-Shirt,Display_Ad_Campaign,Black,3.4,Hit
558813,T-Shirt,Frontpage_Header,Blue,2.8,Hit
819470,Polo-Shirt,Frontpage_Header,Brown,2.4,Flop
373119,Sweatshirt,Catalog,Pink,2.5,Hit
411593,Polo-Shirt,Category_Highlight,Black,4.0,Hit
585729,Tunic,Category_Highlight,Multi-Color,2.6,Flop
594436,Blouse,Display_Ad_Campaign,White,4.9,Hit
974200,Tunic,Category_Highlight,White,4.2,Hit
162299,Polo-Shirt,Category_Highlight,Orange,1.8,Flop
351163,Tunic,Display_Ad_Campaign,Black,3.4,Hit
218385,Polo-Shirt,Display_Ad_Campaign,Yellow,4.6,Hit
773487,T-Shirt,Frontpage_Header,Red,4.0,Hit
349019,T-Shirt,Category_Highlight,Yellow,3.7,Hit
237976,Tunic,Category_Highlight,Multi-Color,3.5,Hit
748691,Tunic,Frontpage_Header,Multi-Color,2.5,Flop
492832,Tunic,Category_Highlight,Black,4.2,Hit
564181,Polo-Shirt,Category_Highlight,Blue,4.0,Hit
864453,T-Shirt,Display_Ad_Campaign,Multi-Color,1.9,Flop
713703,Blouse,Display_Ad_Campaign,Blue,4.7,Hit
402696,Tunic,Category_Highlight,Blue,4.9,Hit
452327,Tunic,Category_Highlight,Red,2.5,Flop
268902,Polo-Shirt,Display_Ad_Campaign,Yellow,3.8,Hit
875528,Blouse,Frontpage_Header,Red,1.9,Flop
966955,Sweatshirt,Frontpage_Header,Green,2.6,Hit
761321,T-Shirt,Category_Highlight,Blue,3.3,Hit
246533,T-Shirt,Catalog,Red,4.4,Hit
410112,Blouse,Frontpage_Header,Orange,4.1,Hit
233835,T-Shirt,Frontpage_Header,Yellow,4.5,Hit
730115,T-Shirt,Category_Highlight,Black,3.8,Hit
399146,Sweatshirt,Display_Ad_Campaign,Black,4.7,Hit
696090,Blouse,Frontpage_Header,Red,4.0,Hit
487839,Polo-Shirt,Category_Highlight,Yellow,4.2,Hit
247528,Tunic,Category_Highlight,Yellow,2.9,Flop
595658,T-Shirt,Display_Ad_Campaign,Black,3.9,Hit
143119,Hoodie,Catalog,Yellow,3.1,Hit
398716,Tunic,Category_Highlight,Red,3.7,Hit
863413,Polo-Shirt,Catalog,Yellow,3.5,Hit
827675,Sweatshirt,Display_Ad_Campaign,Orange,4.4,Hit
273699,Tunic,Display_Ad_Campaign,Yellow,4.8,Hit
700107,Blouse,Display_Ad_Campaign,Black,3.7,Hit
920871,T-Shirt,Catalog,Yellow,5.0,Hit
173461,Blouse,Frontpage_Header,Red,4.7,Hit
938351,Sweatshirt,Frontpage_Header,Orange,3.3,Hit
491168,Tunic,Catalog,Green,2.3,Flop
791946,Tunic,Category_Highlight,Brown,4.6,Hit
673144,Tunic,Catalog,Green,2.3,Flop
557196,Polo-Shirt,Display_Ad_Campaign,Yellow,3.7,Hit
691227,Hoodie,Catalog,Green,3.3,Hit
860611,Tunic,Category_Highlight,White,4.3,Hit
631335,Polo-Shirt,Catalog,Green,3.8,Hit
726862,Blouse,Category_Highlight,Blue,2.0,Flop
229794,Hoodie,Catalog,White,5.3,Hit
905213,Polo-Shirt,Catalog,Yellow,4.3,Hit
457596,Sweatshirt,Category_Highlight,Red,1.7,Flop
950323,Sweatshirt,Display_Ad_Campaign,Multi-Color,2.3,Flop
284430,Hoodie,Frontpage_Header,Pink,3.1,Hit
350341,Blouse,Frontpage_Header,Multi-Color,1.7,Flop
507189,Hoodie,Category_Highlight,White,4.8,Hit
738050,Sweatshirt,Frontpage_Header,Blue,4.0,Hit
136663,Tunic,Frontpage_Header,Multi-Color,3.4,Hit
846786,Tunic,Category_Highlight,Multi-Color,3.7,Hit
802603,Blouse,Frontpage_Header,Multi-Color,2.9,Flop
395995,Hoodie,Catalog,Pink,2.9,Hit
375566,Polo-Shirt,Catalog,Multi-Color,2.7,Flop
607914,T-Shirt,Catalog,Yellow,3.7,Hit
872187,T-Shirt,Frontpage_Header,Multi-Color,1.9,Flop
968487,Polo-Shirt,Catalog,Blue,1.3,Flop
285674,Hoodie,Display_Ad_Campaign,Yellow,3.9,Hit
808626,Tunic,Category_Highlight,Green,4.1,Hit
718237,T-Shirt,Catalog,Blue,2.0,Flop
327667,Hoodie,Catalog,Blue,1.6,Flop
131357,T-Shirt,Category_Highlight,Multi-Color,3.8,Hit
113108,Sweatshirt,Frontpage_Header,Green,3.2,Hit
292241,Sweatshirt,Category_Highlight,Blue,2.8,Hit
886391,Tunic,Frontpage_Header,Black,3.9,Hit
907469,Polo-Shirt,Catalog,Multi-Color,2.5,Flop
647169,Sweatshirt,Catalog,Black,4.8,Hit
559236,Hoodie,Frontpage_Header,Green,2.1,Flop
244268,Blouse,Catalog,Brown,5.2,Hit
847555,Tunic,Category_Highlight,Multi-Color,2.4,Flop
766783,T-Shirt,Frontpage_Header,Yellow,4.4,Hit
192180,Polo-Shirt,Category_Highlight,Pink,2.9,Hit
875764,Hoodie,Catalog,Yellow,2.7,Flop
920459,T-Shirt,Category_Highlight,Green,4.4,Hit
199582,Hoodie,Category_Highlight,Yellow,3.8,Hit
695957,Polo-Shirt,Category_Highlight,Blue,3.2,Hit
531550,T-Shirt,Frontpage_Header,Yellow,3.8,Hit
465394,Sweatshirt,Frontpage_Header,Blue,3.7,Hit
876529,Sweatshirt,Catalog,Red,1.9,Flop
476802,Blouse,Frontpage_Header,Red,3.8,Hit
686723,T-Shirt,Display_Ad_Campaign,Red,4.2,Hit
654218,Tunic,Frontpage_Header,Multi-Color,3.3,Hit
691732,T-Shirt,Frontpage_Header,Multi-Color,5.4,Hit
173596,Sweatshirt,Display_Ad_Campaign,White,3.0,Hit
955593,Sweatshirt,Catalog,Red,2.0,Flop
398744,Tunic,Frontpage_Header,Multi-Color,2.9,Hit
484350,Sweatshirt,Category_Highlight,Red,1.4,Flop
557858,Polo-Shirt,Catalog,Pink,2.7,Flop
121855,Polo-Shirt,Category_Highlight,Pink,2.6,Flop
931581,Tunic,Catalog,Blue,5.2,Hit
727400,Polo-Shirt,Display_Ad_Campaign,Yellow,4.9,Hit
780051,Polo-Shirt,Category_Highlight,Multi-Color,3.2,Flop
980801,T-Shirt,Category_Highlight,Multi-Color,3.5,Hit
768374,T-Shirt,Catalog,Red,4.3,Hit
495569,T-Shirt,Frontpage_Header,Pink,4.7,Hit
186941,Sweatshirt,Catalog,Yellow,3.1,Hit
199259,Polo-Shirt,Category_Highlight,Blue,3.0,Hit
970068,Blouse,Catalog,Pink,3.9,Hit
799988,T-Shirt,Category_Highlight,Green,5.2,Hit
210295,Hoodie,Catalog,Green,2.1,Flop
346675,Blouse,Display_Ad_Campaign,Brown,5.6,Hit
708007,Sweatshirt,Catalog,Yellow,3.0,Flop
551597,T-Shirt,Category_Highlight,Black,4.3,Hit
224444,Blouse,Catalog,Black,3.1,Flop
536995,T-Shirt,Catalog,Black,4.0,Hit
477572,Sweatshirt,Catalog,Green,3.4,Hit
267250,Hoodie,Display_Ad_Campaign,Orange,4.4,Hit
773461,Blouse,Catalog,Black,5.1,Hit
517815,Sweatshirt,Frontpage_Header,Blue,3.5,Hit
769765,Blouse,Display_Ad_Campaign,Blue,4.4,Hit
271452,Polo-Shirt,Category_Highlight,Orange,3.5,Hit
628169,Polo-Shirt,Frontpage_Header,Yellow,3.1,Flop
931090,T-Shirt,Category_Highlight,Blue,2.8,Hit
335074,Hoodie,Catalog,Orange,2.8,Hit
278754,Hoodie,Category_Highlight,Yellow,2.8,Flop
406575,Tunic,Category_Highlight,Brown,4.4,Hit
169604,Polo-Shirt,Category_Highlight,White,2.7,Flop
230277,Tunic,Category_Highlight,Blue,5.4,Hit
359600,Blouse,Frontpage_Header,Black,4.5,Hit
887115,Polo-Shirt,Category_Highlight,Brown,2.9,Flop
936423,Polo-Shirt,Display_Ad_Campaign,Pink,4.7,Hit
575647,Tunic,Category_Highlight,Orange,2.0,Flop
626735,Hoodie,Catalog,Green,2.7,Flop
303868,Tunic,Catalog,Brown,2.2,Flop
656692,Tunic,Catalog,Green,3.3,Hit
428614,Sweatshirt,Catalog,Multi-Color,1.5,Flop
309838,Tunic,Display_Ad_Campaign,Multi-Color,4.3,Hit
179311,Polo-Shirt,Catalog,Pink,4.4,Hit
788027,T-Shirt,Catalog,Red,4.5,Hit
252024,Hoodie,Display_Ad_Campaign,Orange,4.9,Hit
747773,Tunic,Category_Highlight,Blue,4.1,Hit
550107,Blouse,Display_Ad_Campaign,Brown,5.1,Hit
444530,Tunic,Display_Ad_Campaign,Black,3.2,Hit
593022,Sweatshirt,Category_Highlight,Red,1.3,Flop
942059,Hoodie,Category_Highlight,White,3.9,Hit
788032,Tunic,Category_Highlight,Multi-Color,2.8,Flop
332905,Blouse,Catalog,Orange,4.7,Hit
827729,T-Shirt,Category_Highlight,Yellow,4.0,Hit
710871,Sweatshirt,Display_Ad_Campaign,Orange,4.2,Hit
629015,T-Shirt,Frontpage_Header,Multi-Color,4.3,Hit
263372,Tunic,Category_Highlight,Green,3.3,Hit
170483,Blouse,Frontpage_Header,Black,5.2,Hit
600337,Polo-Shirt,Catalog,Brown,3.2,Flop
212497,Sweatshirt,Catalog,Multi-Color,2.3,Flop
234855,Blouse,Frontpage_Header,Green,2.4,Flop
300583,Hoodie,Category_Highlight,White,4.5,Hit
919298,Polo-Shirt,Category_Highlight,Orange,3.0,Hit
747144,Hoodie,Catalog,Orange,4.5,Hit
509715,T-Shirt,Catalog,Orange,4.3,Hit
760480,Sweatshirt,Display_Ad_Campaign,Pink,4.9,Hit
772806,Tunic,Category_Highlight,Multi-Color,3.4,Hit
524634,Sweatshirt,Catalog,Orange,3.6,Hit
776830,T-Shirt,Category_Highlight,Blue,3.2,Hit
853155,Blouse,Display_Ad_Campaign,Green,3.7,Hit
540712,Polo-Shirt,Catalog,Multi-Color,3.3,Flop
319418,Tunic,Category_Highlight,Yellow,3.8,Hit
535297,Blouse,Display_Ad_Campaign,Red,1.8,Flop
793310,Polo-Shirt,Catalog,Multi-Color,3.1,Flop
852052,Sweatshirt,Frontpage_Header,Yellow,3.2,Hit
946408,Tunic,Frontpage_Header,Black,3.2,Hit
907450,Tunic,Frontpage_Header,Pink,3.2,Hit
491746,Tunic,Category_Highlight,Multi-Color,3.1,Flop
759278,Tunic,Catalog,Brown,3.4,Hit
860108,Tunic,Category_Highlight,Black,4.5,Hit
322406,Sweatshirt,Catalog,Black,5.2,Hit
661510,Tunic,Frontpage_Header,Blue,3.0,Hit
106230,Tunic,Category_Highlight,Pink,2.4,Flop
967962,Blouse,Frontpage_Header,Blue,4.5,Hit
333327,Blouse,Display_Ad_Campaign,Blue,5.1,Hit
883507,Tunic,Catalog,Green,2.9,Flop
493384,Polo-Shirt,Category_Highlight,Yellow,2.9,Flop
720511,Polo-Shirt,Catalog,Yellow,3.1,Flop
231462,Blouse,Catalog,Yellow,4.2,Hit
799173,Sweatshirt,Catalog,Orange,4.3,Hit
263684,Hoodie,Frontpage_Header,Blue,3.7,Hit
369197,Blouse,Category_Highlight,Blue,3.3,Hit
780491,T-Shirt,Display_Ad_Campaign,Black,3.4,Hit
402640,Tunic,Category_Highlight,Multi-Color,3.2,Flop
716360,Hoodie,Catalog,Yellow,2.9,Flop
123438,T-Shirt,Catalog,Black,2.7,Hit
309565,Polo-Shirt,Catalog,Pink,3.9,Hit
635925,Sweatshirt,Frontpage_Header,Black,3.4,Hit
871893,Polo-Shirt,Frontpage_Header,White,2.8,Flop
851884,Blouse,Display_Ad_Campaign,Brown,4.9,Hit
246104,T-Shirt,Category_Highlight,Multi-Color,1.7,Flop
622589,Hoodie,Display_Ad_Campaign,Yellow,2.1,Flop
954012,Tunic,Category_Highlight,Pink,2.2,Flop
547904,Sweatshirt,Frontpage_Header,Green,2.8,Hit
227587,Hoodie,Catalog,Green,4.5,Hit
332221,Tunic,Category_Highlight,Brown,4.3,Hit
809760,Tunic,Display_Ad_Campaign,Black,2.8,Flop
836730,Hoodie,Category_Highlight,Orange,2.0,Flop
858016,Tunic,Category_Highlight,Multi-Color,2.7,Flop
301327,Hoodie,Catalog,Yellow,2.8,Flop
285717,Tunic,Frontpage_Header,Red,2.4,Flop
522674,Blouse,Display_Ad_Campaign,Brown,5.8,Hit
660011,Polo-Shirt,Category_Highlight,Blue,3.3,Hit
913636,T-Shirt,Category_Highlight,Yellow,4.0,Hit
520966,Polo-Shirt,Category_Highlight,Green,3.2,Hit
935286,Sweatshirt,Frontpage_Header,Red,1.4,Flop
459173,Blouse,Display_Ad_Campaign,Blue,5.0,Hit
180834,Polo-Shirt,Frontpage_Header,Green,2.3,Flop
247182,Hoodie,Category_Highlight,Green,4.1,Hit
813577,Blouse,Frontpage_Header,Red,1.6,Flop
244133,Hoodie,Catalog,Green,3.8,Hit
808914,Polo-Shirt,Frontpage_Header,Brown,3.0,Hit
301608,Hoodie,Frontpage_Header,Yellow,2.2,Flop
481044,Tunic,Frontpage_Header,Red,3.7,Hit
794197,T-Shirt,Category_Highlight,Blue,3.6,Hit
643455,T-Shirt,Category_Highlight,Blue,2.9,Hit
653193,Sweatshirt,Catalog,Multi-Color,1.8,Flop
238027,Tunic,Frontpage_Header,Blue,3.4,Hit
782094,Tunic,Frontpage_Header,Blue,3.6,Hit
657662,T-Shirt,Frontpage_Header,Yellow,4.5,Hit
877634,Blouse,Frontpage_Header,Multi-Color,2.1,Flop
978759,Polo-Shirt,Catalog,Multi-Color,3.7,Hit
763910,T-Shirt,Category_Highlight,Green,4.1,Hit
389296,Sweatshirt,Display_Ad_Campaign,Blue,3.3,Hit
565342,Polo-Shirt,Frontpage_Header,Yellow,2.4,Flop
720681,Sweatshirt,Display_Ad_Campaign,Blue,3.7,Hit
956230,T-Shirt,Category_Highlight,Yellow,4.3,Hit
280835,Sweatshirt,Frontpage_Header,Yellow,3.4,Hit
237419,Blouse,Display_Ad_Campaign,Brown,5.0,Hit
735220,T-Shirt,Frontpage_Header,Yellow,4.2,Hit
962589,Hoodie,Frontpage_Header,Blue,3.1,Hit
907905,Hoodie,Category_Highlight,Blue,4.5,Hit
510849,Polo-Shirt,Catalog,Blue,1.8,Flop
766331,Tunic,Category_Highlight,Green,3.2,Hit
297071,Polo-Shirt,Frontpage_Header,Brown,2.4,Flop
204394,Tunic,Category_Highlight,Red,3.4,Flop
469097,Sweatshirt,Display_Ad_Campaign,Orange,4.6,Hit
855310,Polo-Shirt,Category_Highlight,Green,3.9,Hit
897822,Hoodie,Category_Highlight,Blue,4.4,Hit
839981,T-Shirt,Category_Highlight,Blue,3.9,Hit
762895,Polo-Shirt,Catalog,Pink,3.2,Hit
902246,Blouse,Category_Highlight,Black,4.6,Hit
170161,T-Shirt,Frontpage_Header,Green,4.5,Hit
205302,Polo-Shirt,Category_Highlight,Multi-Color,2.7,Flop
416347,Tunic,Category_Highlight,White,3.7,Hit
121326,Hoodie,Display_Ad_Campaign,Yellow,4.9,Hit
744651,T-Shirt,Frontpage_Header,Yellow,3.9,Hit
104681,Sweatshirt,Catalog,Multi-Color,1.9,Flop
869194,Hoodie,Category_Highlight,Blue,3.5,Hit
642161,Tunic,Frontpage_Header,Red,3.7,Hit
371304,Polo-Shirt,Frontpage_Header,Yellow,2.4,Flop
974644,Hoodie,Catalog,Orange,3.2,Hit
924668,Tunic,Category_Highlight,Yellow,3.7,Hit
389920,Tunic,Frontpage_Header,Multi-Color,3.0,Hit
178093,Polo-Shirt,Catalog,Brown,2.9,Flop
904540,Hoodie,Catalog,Green,3.8,Hit
616188,Sweatshirt,Frontpage_Header,Blue,2.9,Hit
704071,Tunic,Category_Highlight,Pink,1.9,Flop
850711,Sweatshirt,Frontpage_Header,Blue,3.7,Hit
619965,T-Shirt,Catalog,Multi-Color,3.1,Hit
933665,Sweatshirt,Category_Highlight,Red,1.6,Flop
885348,Polo-Shirt,Category_Highlight,Brown,3.7,Hit
479739,Tunic,Display_Ad_Campaign,Black,2.8,Flop
291508,T-Shirt,Category_Highlight,Blue,2.9,Hit
817676,Polo-Shirt,Category_Highlight,Multi-Color,3.0,Flop
599558,T-Shirt,Frontpage_Header,Pink,4.2,Hit
847320,Hoodie,Category_Highlight,White,4.9,Hit
463834,Sweatshirt,Display_Ad_Campaign,Blue,3.2,Hit
210361,Blouse,Catalog,Yellow,3.6,Hit
507542,Polo-Shirt,Catalog,Pink,2.6,Flop
842104,Sweatshirt,Catalog,Orange,4.6,Hit
421159,Sweatshirt,Frontpage_Header,Orange,4.2,Hit
228627,Hoodie,Category_Highlight,White,4.4,Hit
213183,Polo-Shirt,Category_Highlight,Blue,3.0,Hit
204801,Blouse,Category_Highlight,Red,1.4,Flop
519148,Tunic,Catalog,Green,2.5,Flop
262223,T-Shirt,Catalog,Multi-Color,1.7,Flop
541156,Polo-Shirt,Catalog,Pink,3.5,Hit
657512,Tunic,Catalog,Green,2.6,Flop
817062,Tunic,Frontpage_Header,Multi-Color,2.9,Hit
896419,Polo-Shirt,Catalog,Pink,3.4,Hit
598314,Hoodie,Catalog,Multi-Color,2.3,Flop
135234,Tunic,Category_Highlight,Multi-Color,3.3,Hit
269320,Tunic,Catalog,Green,2.5,Flop
432239,Sweatshirt,Frontpage_Header,Green,3.0,Hit
375103,Polo-Shirt,Frontpage_Header,Brown,2.7,Flop
190499,Tunic,Category_Highlight,Blue,4.7,Hit
618058,Hoodie,Frontpage_Header,Blue,4.2,Hit
136227,Blouse,Catalog,Yellow,4.1,Hit
612923,Sweatshirt,Catalog,Orange,2.8,Hit
523260,Hoodie,Frontpage_Header,Green,3.4,Hit
890654,Tunic,Category_Highlight,Blue,4.7,Hit
375146,Tunic,Category_Highlight,Brown,4.1,Hit
213023,Polo-Shirt,Catalog,Multi-Color,3.6,Hit
109264,T-Shirt,Display_Ad_Campaign,Black,3.8,Hit
971902,Polo-Shirt,Catalog,Yellow,4.1,Hit
401327,Sweatshirt,Catalog,Orange,3.8,Hit
952736,Blouse,Category_Highlight,Orange,3.7,Hit
273900,T-Shirt,Category_Highlight,Pink,3.9,Hit
533005,Hoodie,Frontpage_Header,Green,3.2,Hit
579123,Polo-Shirt,Frontpage_Header,Yellow,2.3,Flop
478527,Sweatshirt,Frontpage_Header,Pink,3.1,Hit
988805,Polo-Shirt,Category_Highlight,Pink,3.6,Hit
232920,Polo-Shirt,Catalog,Blue,1.5,Flop
891054,T-Shirt,Category_Highlight,Blue,2.0,Flop
214453,Tunic,Frontpage_Header,Blue,3.4,Hit
959044,Tunic,Frontpage_Header,Blue,3.4,Hit
466964,T-Shirt,Frontpage_Header,Yellow,4.4,Hit
360484,Sweatshirt,Catalog,Yellow,3.3,Hit
767189,T-Shirt,Frontpage_Header,Yellow,4.3,Hit
159789,Sweatshirt,Catalog,Orange,3.9,Hit
250579,Polo-Shirt,Display_Ad_Campaign,Blue,2.0,Flop
609436,Sweatshirt,Category_Highlight,Orange,1.2,Flop
861540,Polo-Shirt,Catalog,Orange,3.1,Hit
574643,Polo-Shirt,Catalog,Yellow,3.4,Flop
220937,Hoodie,Catalog,Green,3.8,Hit
914087,Polo-Shirt,Category_Highlight,Yellow,2.3,Flop
982755,Tunic,Category_Highlight,Blue,3.4,Hit
926332,Tunic,Catalog,Brown,4.1,Hit
312232,T-Shirt,Frontpage_Header,Multi-Color,4.5,Hit
282377,Hoodie,Catalog,Yellow,2.8,Flop
300297,Tunic,Catalog,Red,2.7,Flop
110667,T-Shirt,Catalog,Red,4.6,Hit
443380,T-Shirt,Category_Highlight,Black,3.2,Hit
522830,Blouse,Catalog,Yellow,3.9,Hit
168511,T-Shirt,Display_Ad_Campaign,Black,3.3,Hit
720349,Tunic,Catalog,Blue,4.5,Hit
724763,Hoodie,Catalog,White,4.3,Hit
636908,Tunic,Frontpage_Header,Multi-Color,3.1,Hit
236096,Blouse,Catalog,Blue,1.5,Flop
436400,Sweatshirt,Catalog,Black,4.7,Hit
334342,Polo-Shirt,Catalog,Green,4.3,Hit
162557,Polo-Shirt,Catalog,Blue,3.1,Hit
197543,Tunic,Category_Highlight,Blue,4.4,Hit
821829,T-Shirt,Category_Highlight,Green,5.7,Hit
340571,T-Shirt,Category_Highlight,Yellow,4.2,Hit
382178,Tunic,Frontpage_Header,Multi-Color,2.8,Flop
836026,Tunic,Frontpage_Header,Pink,2.8,Hit
461398,Polo-Shirt,Catalog,Pink,3.9,Hit
466254,Tunic,Display_Ad_Campaign,Blue,1.7,Flop
269501,Hoodie,Catalog,Pink,3.6,Hit
748092,Sweatshirt,Frontpage_Header,Pink,3.2,Hit
488068,Polo-Shirt,Category_Highlight,Orange,2.7,Flop
321223,Sweatshirt,Catalog,Orange,4.4,Hit
527453,Tunic,Display_Ad_Campaign,Black,3.3,Hit
190457,Tunic,Catalog,Multi-Color,2.2,Flop
863872,T-Shirt,Category_Highlight,Blue,2.7,Hit
776235,Blouse,Display_Ad_Campaign,Blue,5.0,Hit
358925,Blouse,Catalog,Blue,5.4,Hit
870668,T-Shirt,Catalog,Yellow,3.1,Hit
114269,Blouse,Display_Ad_Campaign,Multi-Color,1.3,Flop
423125,Polo-Shirt,Category_Highlight,Blue,3.5,Hit
433308,Hoodie,Catalog,Yellow,3.1,Hit
782286,Sweatshirt,Catalog,Black,4.5,Hit
254583,Sweatshirt,Catalog,Green,4.2,Hit
777182,Blouse,Display_Ad_Campaign,White,5.3,Hit
759227,Sweatshirt,Frontpage_Header,Orange,4.4,Hit
134701,Sweatshirt,Category_Highlight,Blue,3.2,Hit
331937,Hoodie,Display_Ad_Campaign,Yellow,4.9,Hit
152458,Polo-Shirt,Display_Ad_Campaign,Yellow,5.4,Hit
393833,T-Shirt,Category_Highlight,Blue,2.7,Hit
308008,T-Shirt,Catalog,Black,3.6,Hit
476160,T-Shirt,Category_Highlight,Red,4.5,Hit
715890,Polo-Shirt,Frontpage_Header,Red,3.1,Flop
106555,Tunic,Frontpage_Header,Multi-Color,3.4,Hit
592315,Polo-Shirt,Catalog,Blue,1.3,Flop
944431,T-Shirt,Frontpage_Header,Blue,3.3,Hit
615981,T-Shirt,Category_Highlight,Blue,3.0,Hit
903391,Polo-Shirt,Category_Highlight,Blue,2.0,Flop
478674,Sweatshirt,Catalog,Orange,3.7,Hit
796113,T-Shirt,Category_Highlight,Multi-Color,4.4,Hit
410608,Sweatshirt,Catalog,Black,4.6,Hit
886096,Hoodie,Category_Highlight,White,4.0,Hit
310970,Blouse,Frontpage_Header,Red,4.2,Hit
979549,Hoodie,Catalog,Pink,3.3,Hit
727012,T-Shirt,Display_Ad_Campaign,Blue,3.2,Hit
562980,Hoodie,Catalog,Pink,3.1,Hit
376778,T-Shirt,Display_Ad_Campaign,Black,4.6,Hit
300162,Hoodie,Catalog,Yellow,3.8,Hit
382430,Hoodie,Category_Highlight,Multi-Color,3.3,Hit
940176,Polo-Shirt,Catalog,Blue,2.2,Flop
107598,Polo-Shirt,Display_Ad_Campaign,Pink,5.0,Hit
251244,T-Shirt,Frontpage_Header,Multi-Color,3.6,Hit
705668,Polo-Shirt,Catalog,Blue,2.7,Flop
186044,Hoodie,Display_Ad_Campaign,Yellow,3.3,Hit
413977,Sweatshirt,Catalog,Black,4.5,Hit
941688,T-Shirt,Display_Ad_Campaign,Black,4.3,Hit
965004,Hoodie,Display_Ad_Campaign,Yellow,4.8,Hit
697301,T-Shirt,Category_Highlight,Multi-Color,3.3,Hit
951458,Hoodie,Catalog,Green,3.5,Hit
539316,Sweatshirt,Frontpage_Header,Green,3.1,Hit
109002,Blouse,Frontpage_Header,Multi-Color,4.8,Hit
270338,Polo-Shirt,Category_Highlight,Yellow,3.5,Hit
206402,Blouse,Frontpage_Header,Red,4.1,Hit
254956,Polo-Shirt,Frontpage_Header,Pink,3.2,Hit
669612,Blouse,Frontpage_Header,Black,4.9,Hit
165706,Polo-Shirt,Catalog,Yellow,3.7,Hit
680026,Blouse,Display_Ad_Campaign,Yellow,3.1,Flop
403364,Sweatshirt,Category_Highlight,Red,0.7,Flop
769666,Tunic,Catalog,Green,2.5,Flop
861225,Blouse,Frontpage_Header,Blue,4.0,Hit
481889,Polo-Shirt,Catalog,Blue,1.9,Flop
122887,Sweatshirt,Catalog,Multi-Color,2.5,Flop
174048,Tunic,Frontpage_Header,Multi-Color,2.9,Hit
672061,Blouse,Frontpage_Header,Black,4.9,Hit
658964,Sweatshirt,Frontpage_Header,Pink,3.2,Hit
318945,Sweatshirt,Display_Ad_Campaign,Orange,4.9,Hit
838570,Tunic,Display_Ad_Campaign,Multi-Color,4.2,Hit
533028,Hoodie,Display_Ad_Campaign,Yellow,4.4,Hit
585040,Sweatshirt,Category_Highlight,Green,3.6,Hit
522779,Hoodie,Frontpage_Header,Brown,2.1,Flop
470658,Sweatshirt,Category_Highlight,Red,1.3,Flop
663786,Sweatshirt,Catalog,Pink,5.0,Hit
551743,Tunic,Category_Highlight,Brown,2.6,Flop
895895,Tunic,Frontpage_Header,Yellow,2.3,Flop
907649,Sweatshirt,Display_Ad_Campaign,Yellow,3.4,Hit
705758,T-Shirt,Frontpage_Header,Multi-Color,3.3,Hit
952003,Tunic,Catalog,Brown,4.1,Hit
788948,Polo-Shirt,Catalog,Pink,4.4,Hit
682941,Hoodie,Category_Highlight,White,4.0,Hit
603322,Blouse,Catalog,Pink,4.2,Hit
921618,T-Shirt,Category_Highlight,Yellow,4.9,Hit
308473,Polo-Shirt,Catalog,Pink,3.4,Hit
906890,Blouse,Frontpage_Header,Blue,3.9,Hit
734074,Polo-Shirt,Catalog,Multi-Color,2.7,Flop
407123,Sweatshirt,Display_Ad_Campaign,Red,2.5,Flop
576844,Sweatshirt,Display_Ad_Campaign,White,5.4,Hit
307519,Polo-Shirt,Catalog,Brown,3.4,Hit
860450,T-Shirt,Category_Highlight,Multi-Color,4.6,Hit
669357,T-Shirt,Catalog,Multi-Color,1.3,Flop
288613,Sweatshirt,Catalog,Blue,3.2,Hit
702584,Blouse,Frontpage_Header,Multi-Color,2.1,Flop
715252,Hoodie,Catalog,Yellow,2.6,Flop
726799,Sweatshirt,Catalog,Green,3.8,Hit
426264,Sweatshirt,Frontpage_Header,Green,2.8,Hit
216806,Blouse,Category_Highlight,Blue,2.6,Flop
373270,Polo-Shirt,Catalog,Pink,4.1,Hit
263267,Sweatshirt,Catalog,Black,4.7,Hit
986909,T-Shirt,Category_Highlight,Black,3.9,Hit
839329,Tunic,Category_Highlight,Multi-Color,3.3,Hit
110136,Hoodie,Catalog,Orange,3.2,Hit
885847,Hoodie,Catalog,Pink,3.8,Hit
121501,Polo-Shirt,Catalog,Black,1.3,Flop
127872,Sweatshirt,Display_Ad_Campaign,Blue,3.5,Hit
677501,Tunic,Category_Highlight,White,4.6,Hit
511730,Polo-Shirt,Category_Highlight,Orange,2.7,Flop
896612,Sweatshirt,Catalog,Blue,3.4,Hit
171139,Polo-Shirt,Catalog,Pink,3.3,Hit
159966,Tunic,Catalog,Yellow,2.4,Flop
445284,T-Shirt,Category_Highlight,Black,3.2,Hit
926931,Polo-Shirt,Category_Highlight,Brown,4.2,Hit
759122,Blouse,Catalog,Yellow,4.1,Hit
422870,Polo-Shirt,Display_Ad_Campaign,Yellow,4.4,Hit
414934,T-Shirt,Category_Highlight,Green,4.6,Hit
659096,T-Shirt,Category_Highlight,White,2.9,Hit
343186,Hoodie,Category_Highlight,Multi-Color,2.0,Flop
163360,T-Shirt,Category_Highlight,Yellow,4.1,Hit
363633,T-Shirt,Display_Ad_Campaign,Orange,4.6,Hit
692356,T-Shirt,Catalog,Black,3.0,Hit
161184,Tunic,Catalog,Black,5.2,Hit
189438,Blouse,Frontpage_Header,Blue,3.2,Hit
198452,Sweatshirt,Catalog,Multi-Color,1.8,Flop
257890,Blouse,Category_Highlight,Multi-Color,2.7,Flop
981410,Tunic,Catalog,Brown,2.1,Flop
567321,Tunic,Display_Ad_Campaign,Multi-Color,4.5,Hit
829087,Blouse,Display_Ad_Campaign,Blue,5.2,Hit
129588,Sweatshirt,Frontpage_Header,Red,1.9,Flop
974916,T-Shirt,Frontpage_Header,Multi-Color,3.9,Hit
607542,Tunic,Category_Highlight,Yellow,2.7,Flop
905973,Polo-Shirt,Catalog,Multi-Color,3.1,Flop
229952,Blouse,Category_Highlight,Blue,2.1,Flop
624415,T-Shirt,Frontpage_Header,Yellow,3.7,Hit
575863,Tunic,Frontpage_Header,Multi-Color,2.9,Hit
851828,Polo-Shirt,Category_Highlight,Orange,2.2,Flop
544491,Sweatshirt,Catalog,Red,1.6,Flop
362976,Hoodie,Category_Highlight,White,4.4,Hit
246001,Sweatshirt,Frontpage_Header,Blue,3.2,Hit
792553,T-Shirt,Catalog,Multi-Color,2.2,Flop
978367,Tunic,Display_Ad_Campaign,Black,2.9,Flop
554395,Blouse,Display_Ad_Campaign,Red,3.7,Flop
684630,T-Shirt,Catalog,Black,3.8,Hit
267971,Tunic,Display_Ad_Campaign,Green,2.4,Flop
301184,Polo-Shirt,Category_Highlight,Brown,4.2,Hit
675740,Tunic,Catalog,Yellow,4.3,Hit
328560,Tunic,Frontpage_Header,White,3.8,Hit
354180,Sweatshirt,Catalog,Multi-Color,2.8,Flop
272082,Blouse,Frontpage_Header,Multi-Color,2.8,Flop
367303,T-Shirt,Category_Highlight,Yellow,4.7,Hit
622855,Sweatshirt,Catalog,Black,5.2,Hit
570105,Tunic,Category_Highlight,Red,3.4,Flop
415278,T-Shirt,Category_Highlight,Green,4.7,Hit
113913,T-Shirt,Frontpage_Header,Multi-Color,4.0,Hit
968974,Hoodie,Catalog,Yellow,2.7,Flop
214941,T-Shirt,Frontpage_Header,Multi-Color,4.3,Hit
447730,Polo-Shirt,Frontpage_Header,Orange,2.5,Flop
399298,Polo-Shirt,Category_Highlight,Blue,3.2,Hit
838930,Polo-Shirt,Catalog,Brown,3.9,Hit
317549,Sweatshirt,Frontpage_Header,Blue,3.6,Hit
555034,Blouse,Category_Highlight,Multi-Color,3.2,Flop
694099,Tunic,Catalog,Pink,4.1,Hit
135698,T-Shirt,Frontpage_Header,Multi-Color,4.5,Hit
382882,Polo-Shirt,Catalog,Pink,4.0,Hit
550941,Tunic,Frontpage_Header,Blue,3.3,Hit
168291,T-Shirt,Category_Highlight,Yellow,4.1,Hit
524534,Tunic,Category_Highlight,Green,3.7,Hit
870896,Blouse,Frontpage_Header,Multi-Color,2.1,Flop
493363,T-Shirt,Display_Ad_Campaign,Blue,4.0,Hit
251185,Polo-Shirt,Category_Highlight,Brown,3.8,Hit
901745,T-Shirt,Category_Highlight,Multi-Color,3.6,Hit
780744,Hoodie,Catalog,Red,1.5,Flop
372808,Sweatshirt,Category_Highlight,Red,1.3,Flop
704487,Polo-Shirt,Catalog,Pink,2.6,Flop
317772,Hoodie,Category_Highlight,Orange,3.4,Hit
218642,T-Shirt,Category_Highlight,Green,5.2,Hit
884160,Sweatshirt,Catalog,Multi-Color,2.3,Flop
799174,Sweatshirt,Catalog,Orange,2.1,Flop
954564,Polo-Shirt,Catalog,Black,2.2,Flop
151278,T-Shirt,Frontpage_Header,Multi-Color,3.0,Hit
607051,Polo-Shirt,Frontpage_Header,Green,2.3,Flop
550114,Sweatshirt,Catalog,Black,5.2,Hit
892267,Blouse,Frontpage_Header,Red,4.5,Hit
533919,Tunic,Frontpage_Header,Yellow,2.3,Flop
184436,Sweatshirt,Frontpage_Header,Green,2.8,Hit
566336,Tunic,Frontpage_Header,Black,4.4,Hit
847481,Tunic,Category_Highlight,Yellow,3.1,Flop
967980,Polo-Shirt,Frontpage_Header,Orange,1.9,Flop
643033,Sweatshirt,Frontpage_Header,Blue,2.5,Hit
653909,Polo-Shirt,Category_Highlight,Black,3.6,Hit
965887,Tunic,Category_Highlight,Pink,2.5,Flop
495820,Sweatshirt,Catalog,Red,2.2,Flop
846420,T-Shirt,Catalog,Blue,3.0,Hit
160483,T-Shirt,Frontpage_Header,Multi-Color,4.1,Hit
853782,Sweatshirt,Category_Highlight,White,4.7,Hit
485396,Blouse,Frontpage_Header,Red,4.2,Hit
700052,T-Shirt,Catalog,Yellow,4.1,Hit
545718,Sweatshirt,Frontpage_Header,Blue,4.0,Hit
434435,Polo-Shirt,Catalog,Pink,3.3,Hit
378584,Blouse,Frontpage_Header,Blue,3.1,Hit
257598,Tunic,Category_Highlight,Red,3.4,Flop
779686,Sweatshirt,Catalog,Yellow,3.7,Hit
528755,T-Shirt,Display_Ad_Campaign,Black,3.6,Hit
796668,Sweatshirt,Frontpage_Header,Multi-Color,2.3,Flop
254768,Blouse,Category_Highlight,Blue,2.4,Flop
248641,Sweatshirt,Catalog,Orange,3.8,Hit
950647,Polo-Shirt,Catalog,Multi-Color,2.5,Flop
365198,Blouse,Display_Ad_Campaign,Blue,4.8,Hit
380459,Polo-Shirt,Category_Highlight,Orange,2.2,Flop
806694,Hoodie,Catalog,Yellow,2.7,Flop
132801,Blouse,Frontpage_Header,Red,4.3,Hit
846123,T-Shirt,Category_Highlight,Blue,3.0,Hit
124948,Polo-Shirt,Frontpage_Header,Green,2.6,Flop
353501,Hoodie,Catalog,Yellow,3.5,Hit
262457,Tunic,Category_Highlight,Blue,5.7,Hit
141547,Tunic,Frontpage_Header,Yellow,2.5,Flop
693881,T-Shirt,Category_Highlight,Blue,2.6,Hit
553562,Tunic,Display_Ad_Campaign,Red,3.9,Hit
421858,Sweatshirt,Display_Ad_Campaign,Orange,4.0,Hit
616176,Polo-Shirt,Frontpage_Header,Green,2.7,Flop
591295,T-Shirt,Display_Ad_Campaign,Blue,3.3,Hit
498364,Sweatshirt,Category_Highlight,Orange,3.5,Hit
350624,Polo-Shirt,Catalog,Multi-Color,2.9,Flop
300700,Tunic,Catalog,Green,2.8,Flop
809350,Blouse,Frontpage_Header,Blue,3.9,Hit
836398,Tunic,Catalog,Green,2.2,Flop
371973,Tunic,Display_Ad_Campaign,Multi-Color,4.0,Hit
130810,T-Shirt,Category_Highlight,Red,4.2,Hit
565543,Tunic,Display_Ad_Campaign,Black,2.8,Flop
243052,Tunic,Catalog,Multi-Color,4.9,Hit
631092,Sweatshirt,Display_Ad_Campaign,Orange,4.5,Hit
173648,Hoodie,Display_Ad_Campaign,Orange,5.2,Hit
824617,Tunic,Catalog,Yellow,3.1,Flop
714309,Blouse,Frontpage_Header,Red,4.1,Hit
188675,Polo-Shirt,Catalog,Yellow,3.1,Flop
983756,Polo-Shirt,Catalog,Green,3.4,Hit
716470,Sweatshirt,Category_Highlight,Red,1.1,Flop
263887,Tunic,Display_Ad_Campaign,Black,2.5,Flop
565211,T-Shirt,Category_Highlight,Multi-Color,4.5,Hit
911478,Hoodie,Display_Ad_Campaign,Green,3.8,Hit
803074,Sweatshirt,Frontpage_Header,Blue,2.5,Hit
670986,Sweatshirt,Frontpage_Header,Green,3.3,Hit
967498,Tunic,Category_Highlight,Yellow,3.5,Hit
824944,Tunic,Category_Highlight,Green,4.5,Hit
186208,Sweatshirt,Catalog,Blue,3.1,Hit
600093,Tunic,Category_Highlight,Pink,2.4,Flop
799749,Blouse,Frontpage_Header,Red,3.4,Hit
251555,T-Shirt,Category_Highlight,Multi-Color,1.7,Flop
141897,Hoodie,Display_Ad_Campaign,Yellow,4.9,Hit
757471,Tunic,Category_Highlight,Orange,3.4,Hit
255970,Polo-Shirt,Category_Highlight,Brown,3.3,Hit
746987,Blouse,Display_Ad_Campaign,White,4.6,Hit
431465,Tunic,Display_Ad_Campaign,Black,2.6,Flop
676381,Tunic,Frontpage_Header,Blue,3.6,Hit
815098,Sweatshirt,Catalog,Black,5.3,Hit
383208,Hoodie,Display_Ad_Campaign,Black,4.8,Hit
466488,Hoodie,Category_Highlight,Brown,3.1,Hit
608277,Sweatshirt,Frontpage_Header,Orange,3.3,Hit
216383,Tunic,Category_Highlight,Green,4.1,Hit
123275,Tunic,Display_Ad_Campaign,Multi-Color,4.5,Hit
510053,Polo-Shirt,Frontpage_Header,Yellow,3.1,Flop
529473,Polo-Shirt,Category_Highlight,Orange,2.1,Flop
865260,Blouse,Frontpage_Header,Red,2.1,Flop
731467,Sweatshirt,Catalog,Black,5.1,Hit
870990,Hoodie,Catalog,Yellow,2.9,Flop
820355,Tunic,Category_Highlight,Multi-Color,2.8,Flop
467646,Hoodie,Display_Ad_Campaign,Orange,4.8,Hit
900588,Tunic,Frontpage_Header,Blue,4.1,Hit
294591,Polo-Shirt,Category_Highlight,Brown,4.1,Hit
930914,T-Shirt,Catalog,Multi-Color,2.1,Flop
272449,Tunic,Category_Highlight,Black,3.8,Hit
686179,T-Shirt,Category_Highlight,Pink,3.9,Hit
809523,T-Shirt,Display_Ad_Campaign,Black,4.1,Hit
123979,Tunic,Catalog,Yellow,2.6,Flop
631487,T-Shirt,Category_Highlight,Blue,2.6,Hit
479552,T-Shirt,Catalog,Blue,3.0,Hit
979082,Blouse,Frontpage_Header,Multi-Color,5.1,Hit
599834,T-Shirt,Catalog,Multi-Color,1.5,Flop
110462,Tunic,Category_Highlight,Blue,3.5,Hit
453357,Tunic,Display_Ad_Campaign,Blue,2.3,Flop
989050,Blouse,Frontpage_Header,Red,4.1,Hit
427356,Polo-Shirt,Category_Highlight,Blue,3.6,Hit
667305,Sweatshirt,Category_Highlight,Red,1.5,Flop
511310,Polo-Shirt,Category_Highlight,Orange,2.0,Flop
527218,Tunic,Display_Ad_Campaign,Black,2.6,Flop
959222,Tunic,Category_Highlight,Blue,4.1,Hit
867782,Polo-Shirt,Category_Highlight,Brown,4.2,Hit
252962,Tunic,Category_Highlight,Yellow,2.3,Flop
595946,Sweatshirt,Catalog,Multi-Color,2.4,Flop
465663,Blouse,Category_Highlight,Multi-Color,4.1,Hit
299018,Polo-Shirt,Category_Highlight,Blue,3.1,Hit
682213,Tunic,Catalog,Red,3.4,Flop
290606,T-Shirt,Display_Ad_Campaign,Black,3.6,Hit
364069,Blouse,Category_Highlight,Blue,3.1,Hit
855253,Sweatshirt,Display_Ad_Campaign,Orange,4.4,Hit
720091,Blouse,Category_Highlight,Blue,3.0,Hit
296912,T-Shirt,Catalog,Blue,3.1,Hit
500640,Hoodie,Catalog,Green,3.7,Hit
524032,Tunic,Catalog,Green,2.5,Flop
713344,Blouse,Category_Highlight,Yellow,4.4,Hit
557730,Hoodie,Display_Ad_Campaign,Yellow,2.3,Flop
369316,Blouse,Frontpage_Header,Black,5.2,Hit
103889,T-Shirt,Frontpage_Header,Green,3.8,Hit
274130,Tunic,Frontpage_Header,Multi-Color,2.6,Flop
692908,Sweatshirt,Frontpage_Header,Yellow,3.1,Hit
784382,Hoodie,Display_Ad_Campaign,Yellow,5.5,Hit
810170,T-Shirt,Category_Highlight,Blue,2.6,Hit
710078,Hoodie,Catalog,Green,3.3,Hit
266806,Blouse,Display_Ad_Campaign,Brown,5.1,Hit
751954,Polo-Shirt,Display_Ad_Campaign,Pink,4.4,Hit
686565,Blouse,Catalog,Yellow,3.2,Flop
799565,Blouse,Display_Ad_Campaign,White,5.0,Hit
856266,Polo-Shirt,Catalog,Blue,1.5,Flop
354233,Polo-Shirt,Catalog,Black,2.3,Flop
751917,Sweatshirt,Category_Highlight,Orange,4.2,Hit
553766,Polo-Shirt,Category_Highlight,Blue,3.8,Hit
728883,Polo-Shirt,Catalog,Yellow,2.6,Flop
341847,Sweatshirt,Frontpage_Header,Orange,3.9,Hit
436581,Hoodie,Catalog,Yellow,3.3,Hit
608244,Sweatshirt,Catalog,Red,1.8,Flop
537529,Sweatshirt,Catalog,Orange,4.2,Hit
116574,Blouse,Frontpage_Header,Blue,4.0,Hit
491871,Sweatshirt,Category_Highlight,Red,1.1,Flop
872990,Polo-Shirt,Catalog,Yellow,3.6,Hit
289749,Blouse,Display_Ad_Campaign,Brown,5.2,Hit
670740,Hoodie,Catalog,Brown,3.7,Hit
771433,Blouse,Display_Ad_Campaign,Blue,4.8,Hit
944080,Tunic,Catalog,Pink,3.0,Hit
262558,Polo-Shirt,Catalog,Blue,5.0,Hit
981754,T-Shirt,Frontpage_Header,Yellow,4.9,Hit
593241,T-Shirt,Category_Highlight,Green,4.7,Hit
883410,Polo-Shirt,Frontpage_Header,Yellow,2.1,Flop
975318,Blouse,Category_Highlight,Multi-Color,2.7,Flop
331361,Polo-Shirt,Category_Highlight,Multi-Color,2.4,Flop
792274,T-Shirt,Category_Highlight,Green,5.0,Hit
294181,Blouse,Frontpage_Header,Black,4.8,Hit
874519,Polo-Shirt,Category_Highlight,Brown,3.8,Hit
308551,Hoodie,Catalog,Red,2.2,Flop
217989,Blouse,Frontpage_Header,Multi-Color,2.2,Flop
206399,Polo-Shirt,Catalog,Green,3.7,Hit
262306,Tunic,Display_Ad_Campaign,Black,3.2,Hit
919060,Hoodie,Category_Highlight,Red,1.7,Flop
385060,Polo-Shirt,Category_Highlight,Blue,3.3,Hit
864544,Sweatshirt,Frontpage_Header,Pink,3.7,Hit
346946,T-Shirt,Frontpage_Header,Yellow,4.2,Hit
377817,Polo-Shirt,Frontpage_Header,White,4.0,Hit
470417,Polo-Shirt,Catalog,Multi-Color,2.8,Flop
407996,Tunic,Display_Ad_Campaign,Black,2.9,Flop
227353,Blouse,Catalog,Yellow,3.6,Hit
386097,Hoodie,Catalog,Brown,4.3,Hit
287066,Polo-Shirt,Category_Highlight,Pink,2.4,Flop
974811,Polo-Shirt,Frontpage_Header,Green,2.9,Hit
552609,Sweatshirt,Frontpage_Header,Yellow,3.5,Hit
362025,Tunic,Frontpage_Header,White,3.2,Hit
693272,T-Shirt,Category_Highlight,Multi-Color,3.6,Hit
182695,T-Shirt,Category_Highlight,Pink,4.3,Hit
131930,Polo-Shirt,Category_Highlight,Multi-Color,2.2,Flop
321263,Hoodie,Catalog,Red,2.8,Flop
807491,Polo-Shirt,Catalog,Blue,4.8,Hit
224047,Sweatshirt,Frontpage_Header,Blue,3.3,Hit
582507,T-Shirt,Frontpage_Header,Multi-Color,4.4,Hit
413228,Tunic,Category_Highlight,Multi-Color,3.4,Hit
975746,Blouse,Category_Highlight,Blue,2.2,Flop
647659,T-Shirt,Frontpage_Header,Red,2.3,Flop
117726,Polo-Shirt,Frontpage_Header,Blue,3.2,Hit
978982,Tunic,Category_Highlight,Multi-Color,4.0,Hit
851233,Sweatshirt,Display_Ad_Campaign,Blue,3.0,Hit
713723,Polo-Shirt,Catalog,Pink,3.7,Hit
354402,Blouse,Frontpage_Header,Multi-Color,1.6,Flop
126530,T-Shirt,Frontpage_Header,Yellow,4.7,Hit
753756,Polo-Shirt,Catalog,Yellow,3.9,Hit
712401,Hoodie,Catalog,Multi-Color,2.3,Flop
951367,Sweatshirt,Catalog,Multi-Color,1.9,Flop
939119,Polo-Shirt,Catalog,Green,3.6,Hit
135197,Tunic,Catalog,Green,2.6,Flop
384254,T-Shirt,Display_Ad_Campaign,White,4.7,Hit
705330,Sweatshirt,Display_Ad_Campaign,Black,5.0,Hit
238462,Tunic,Frontpage_Header,Blue,3.2,Hit
916861,T-Shirt,Category_Highlight,Black,3.0,Hit
347527,Sweatshirt,Display_Ad_Campaign,Orange,3.4,Hit
909377,Sweatshirt,Catalog,Green,3.5,Hit
922558,Hoodie,Catalog,Orange,3.2,Hit
967421,Sweatshirt,Catalog,Orange,4.0,Hit
371483,Tunic,Category_Highlight,Brown,3.6,Hit
567147,Blouse,Frontpage_Header,Blue,3.9,Hit
122055,Blouse,Frontpage_Header,Black,4.7,Hit
753320,Sweatshirt,Frontpage_Header,White,2.9,Hit
571546,Tunic,Frontpage_Header,Brown,4.0,Hit
413247,Blouse,Category_Highlight,Orange,4.4,Hit
851785,Tunic,Frontpage_Header,Multi-Color,2.9,Hit
144950,T-Shirt,Catalog,Black,4.2,Hit
824591,Sweatshirt,Catalog,Black,4.4,Hit
328383,T-Shirt,Catalog,Black,3.0,Hit
703078,Blouse,Frontpage_Header,Multi-Color,4.4,Hit
515252,Sweatshirt,Frontpage_Header,Black,3.0,Hit
725341,T-Shirt,Category_Highlight,Yellow,3.8,Hit
774909,Tunic,Category_Highlight,Brown,4.1,Hit
236404,T-Shirt,Catalog,Black,4.2,Hit
551314,Hoodie,Catalog,Multi-Color,2.0,Flop
220749,Sweatshirt,Frontpage_Header,Pink,3.5,Hit
216415,Sweatshirt,Category_Highlight,Red,1.8,Flop
314673,Polo-Shirt,Category_Highlight,Black,5.4,Hit
492258,Hoodie,Catalog,Green,3.2,Hit
960154,Sweatshirt,Category_Highlight,Red,1.7,Flop
286178,Sweatshirt,Catalog,Black,4.8,Hit
274230,Hoodie,Catalog,Green,4.0,Hit
341736,Blouse,Display_Ad_Campaign,Brown,4.7,Hit
407849,T-Shirt,Category_Highlight,Green,4.9,Hit
702278,Polo-Shirt,Catalog,Orange,2.9,Flop
439347,Sweatshirt,Catalog,Orange,4.5,Hit
838953,Sweatshirt,Category_Highlight,Multi-Color,0.9,Flop
968548,Polo-Shirt,Catalog,Yellow,4.2,Hit
583978,Tunic,Display_Ad_Campaign,Multi-Color,4.2,Hit
904409,Polo-Shirt,Category_Highlight,Blue,2.2,Flop
172144,Sweatshirt,Display_Ad_Campaign,White,3.9,Hit
682389,Tunic,Catalog,Black,2.9,Flop
479567,Blouse,Category_Highlight,Green,4.7,Hit
537409,Hoodie,Catalog,Orange,3.1,Hit
223282,Tunic,Category_Highlight,Yellow,2.4,Flop
673745,Polo-Shirt,Frontpage_Header,Pink,2.8,Hit
342727,Tunic,Frontpage_Header,Brown,3.7,Hit
659604,Sweatshirt,Display_Ad_Campaign,White,3.6,Hit
752908,T-Shirt,Frontpage_Header,Red,2.7,Hit
602991,T-Shirt,Category_Highlight,Yellow,4.7,Hit
420092,Sweatshirt,Catalog,Pink,4.5,Hit
926266,T-Shirt,Category_Highlight,Multi-Color,3.2,Hit
255815,Tunic,Display_Ad_Campaign,Black,2.8,Flop
684429,Blouse,Category_Highlight,Pink,3.6,Hit
497281,T-Shirt,Catalog,Red,4.3,Hit
107792,Polo-Shirt,Catalog,Pink,3.4,Hit
453982,Tunic,Display_Ad_Campaign,Red,4.2,Hit
649342,Tunic,Frontpage_Header,Blue,3.0,Hit
302661,Tunic,Catalog,Multi-Color,2.6,Flop
303796,T-Shirt,Category_Highlight,Black,3.6,Hit
813013,T-Shirt,Category_Highlight,Yellow,3.4,Hit
280446,Tunic,Frontpage_Header,Yellow,2.4,Flop
653519,Polo-Shirt,Category_Highlight,Multi-Color,3.1,Flop
368455,Polo-Shirt,Category_Highlight,White,4.7,Hit
420069,Polo-Shirt,Catalog,Yellow,3.3,Flop
731819,T-Shirt,Category_Highlight,Yellow,3.1,Hit
667395,Hoodie,Category_Highlight,White,4.3,Hit
731806,Tunic,Display_Ad_Campaign,Multi-Color,4.4,Hit
905142,Polo-Shirt,Catalog,Yellow,2.8,Flop
827455,Sweatshirt,Frontpage_Header,Blue,3.2,Hit
322843,Polo-Shirt,Category_Highlight,Red,3.2,Flop
751306,T-Shirt,Frontpage_Header,Multi-Color,4.1,Hit
554297,Hoodie,Display_Ad_Campaign,Yellow,3.4,Hit
634433,T-Shirt,Frontpage_Header,Yellow,4.8,Hit
942976,Sweatshirt,Category_Highlight,Orange,4.5,Hit
506769,Sweatshirt,Catalog,Multi-Color,2.8,Flop
333010,Sweatshirt,Display_Ad_Campaign,Orange,4.6,Hit
409249,T-Shirt,Category_Highlight,Yellow,4.1,Hit
362031,Blouse,Category_Highlight,Black,4.5,Hit
167937,Polo-Shirt,Catalog,Yellow,3.6,Hit
161866,Sweatshirt,Category_Highlight,Blue,2.7,Hit
761566,Polo-Shirt,Catalog,Yellow,3.8,Hit
700086,Tunic,Display_Ad_Campaign,Multi-Color,4.3,Hit
244609,Sweatshirt,Catalog,Orange,3.3,Hit
118498,Sweatshirt,Frontpage_Header,Green,2.9,Hit
122595,T-Shirt,Frontpage_Header,Blue,4.8,Hit
655509,Hoodie,Catalog,Red,1.6,Flop
950182,Tunic,Display_Ad_Campaign,Black,2.3,Flop
768622,T-Shirt,Frontpage_Header,Multi-Color,4.4,Hit
843949,Hoodie,Category_Highlight,Orange,2.7,Hit
622323,Blouse,Frontpage_Header,Blue,3.4,Hit
305459,Tunic,Display_Ad_Campaign,Multi-Color,4.5,Hit
746340,Blouse,Catalog,Multi-Color,1.5,Flop
934819,T-Shirt,Display_Ad_Campaign,Black,4.2,Hit
291969,Blouse,Frontpage_Header,Orange,4.8,Hit
561098,Tunic,Category_Highlight,Brown,4.0,Hit
984291,Hoodie,Catalog,Green,3.5,Hit
740316,Hoodie,Catalog,Brown,4.5,Hit
439197,T-Shirt,Category_Highlight,Yellow,5.0,Hit
266503,Hoodie,Catalog,Black,4.6,Hit
870143,T-Shirt,Catalog,Black,3.0,Hit
975319,T-Shirt,Category_Highlight,Blue,2.6,Hit
111288,Polo-Shirt,Catalog,Multi-Color,3.1,Flop
893926,Tunic,Frontpage_Header,Black,3.2,Hit
760217,Sweatshirt,Catalog,Pink,4.1,Hit
180979,Tunic,Category_Highlight,Blue,4.0,Hit
887167,Blouse,Frontpage_Header,Blue,2.5,Flop
597240,Polo-Shirt,Catalog,Blue,2.4,Flop
714631,T-Shirt,Display_Ad_Campaign,Brown,5.0,Hit
142981,Blouse,Category_Highlight,Yellow,3.7,Hit
555607,Hoodie,Category_Highlight,Green,4.3,Hit
683666,Polo-Shirt,Frontpage_Header,Yellow,2.1,Flop
820291,Blouse,Frontpage_Header,Black,3.7,Hit
323097,Sweatshirt,Catalog,Multi-Color,2.3,Flop
785545,Hoodie,Catalog,Yellow,3.1,Hit
939638,Sweatshirt,Frontpage_Header,Blue,3.5,Hit
241966,Tunic,Category_Highlight,Multi-Color,3.3,Hit
208234,Blouse,Frontpage_Header,Red,4.8,Hit
532488,Polo-Shirt,Catalog,Brown,3.7,Hit
559061,Blouse,Frontpage_Header,Multi-Color,3.0,Flop
219147,T-Shirt,Frontpage_Header,Red,4.6,Hit
954339,T-Shirt,Display_Ad_Campaign,Black,3.8,Hit
195984,Sweatshirt,Category_Highlight,Green,3.3,Hit
955624,Tunic,Category_Highlight,Red,2.9,Flop
298425,T-Shirt,Catalog,Red,1.8,Flop
481777,Sweatshirt,Category_Highlight,White,2.8,Hit
910071,Blouse,Frontpage_Header,Multi-Color,2.9,Flop
878953,Hoodie,Category_Highlight,Orange,3.4,Hit
777663,Tunic,Category_Highlight,Blue,4.7,Hit
352465,T-Shirt,Category_Highlight,Green,4.6,Hit
547655,Tunic,Category_Highlight,Green,4.2,Hit
116555,Blouse,Frontpage_Header,Black,5.1,Hit
905559,Polo-Shirt,Category_Highlight,Orange,2.2,Flop
109672,Hoodie,Category_Highlight,Green,3.3,Hit
901013,Blouse,Display_Ad_Campaign,White,3.8,Hit
334863,Hoodie,Category_Highlight,White,5.4,Hit
274532,Polo-Shirt,Frontpage_Header,Brown,2.9,Hit
260746,Sweatshirt,Display_Ad_Campaign,Multi-Color,2.3,Flop
956420,Sweatshirt,Display_Ad_Campaign,Orange,4.2,Hit
739073,T-Shirt,Catalog,Multi-Color,2.2,Flop
835202,Tunic,Catalog,Brown,2.3,Flop
540656,Polo-Shirt,Catalog,Blue,3.2,Hit
371561,Tunic,Display_Ad_Campaign,Green,2.4,Flop
430040,Sweatshirt,Catalog,Red,1.3,Flop
641024,Hoodie,Catalog,Orange,3.1,Hit
841656,Hoodie,Category_Highlight,White,4.2,Hit
124750,T-Shirt,Frontpage_Header,Yellow,4.1,Hit
760279,Polo-Shirt,Catalog,Blue,3.0,Flop
951889,Polo-Shirt,Catalog,Yellow,3.8,Hit
817587,Polo-Shirt,Category_Highlight,Yellow,2.4,Flop
514669,Tunic,Category_Highlight,Multi-Color,3.0,Flop
163039,Hoodie,Catalog,Green,3.4,Hit
767703,Tunic,Frontpage_Header,Multi-Color,2.5,Flop
142366,Sweatshirt,Display_Ad_Campaign,Orange,5.4,Hit
472510,Tunic,Category_Highlight,Multi-Color,3.0,Flop
728530,Blouse,Display_Ad_Campaign,Blue,5.4,Hit
636374,Sweatshirt,Catalog,Orange,4.0,Hit
140442,Polo-Shirt,Catalog,Yellow,3.2,Flop
982487,Tunic,Category_Highlight,Yellow,2.5,Flop
752279,Blouse,Frontpage_Header,Yellow,5.0,Hit
883555,Sweatshirt,Frontpage_Header,Black,5.2,Hit
686031,Polo-Shirt,Frontpage_Header,Brown,3.1,Hit
779464,Sweatshirt,Catalog,Multi-Color,3.1,Flop
918041,Polo-Shirt,Category_Highlight,Brown,4.2,Hit
435394,Hoodie,Category_Highlight,Multi-Color,1.2,Flop
190097,Sweatshirt,Catalog,Black,4.9,Hit
316234,Polo-Shirt,Category_Highlight,Yellow,3.8,Hit
349749,Polo-Shirt,Category_Highlight,Blue,3.4,Hit
910786,Tunic,Display_Ad_Campaign,Black,3.3,Hit
392986,Polo-Shirt,Category_Highlight,Blue,3.5,Hit
659386,Polo-Shirt,Category_Highlight,Orange,2.2,Flop
265638,Hoodie,Frontpage_Header,Blue,3.8,Hit
130603,T-Shirt,Category_Highlight,Blue,4.1,Hit
338159,Hoodie,Category_Highlight,White,4.2,Hit
815232,Hoodie,Category_Highlight,Brown,3.6,Hit
965918,Hoodie,Display_Ad_Campaign,Orange,4.8,Hit
405944,Blouse,Frontpage_Header,Multi-Color,3.8,Hit
942356,Polo-Shirt,Catalog,Blue,1.3,Flop
173957,Polo-Shirt,Category_Highlight,Yellow,3.1,Flop
102591,Sweatshirt,Frontpage_Header,Green,3.4,Hit
269351,T-Shirt,Frontpage_Header,Multi-Color,3.3,Hit
131642,Tunic,Frontpage_Header,Pink,2.5,Hit
354481,Polo-Shirt,Frontpage_Header,Green,2.0,Flop
501740,Polo-Shirt,Frontpage_Header,Blue,3.7,Hit
100023,T-Shirt,Frontpage_Header,Green,4.7,Hit
439002,T-Shirt,Category_Highlight,Blue,3.3,Hit
172684,Hoodie,Catalog,Yellow,2.8,Flop
129270,Tunic,Category_Highlight,White,4.3,Hit
349234,Tunic,Display_Ad_Campaign,Multi-Color,3.1,Flop
527177,T-Shirt,Category_Highlight,Yellow,4.2,Hit
297185,Polo-Shirt,Catalog,Yellow,5.1,Hit
310201,T-Shirt,Category_Highlight,Black,3.8,Hit
204277,Hoodie,Frontpage_Header,Pink,4.2,Hit
106404,Tunic,Category_Highlight,Green,3.5,Hit
686054,Sweatshirt,Display_Ad_Campaign,Red,4.7,Hit
483885,T-Shirt,Frontpage_Header,Yellow,4.3,Hit
707244,Hoodie,Category_Highlight,Green,4.0,Hit
407916,Blouse,Catalog,Green,4.1,Hit
326838,Polo-Shirt,Catalog,Black,2.6,Flop
169361,Blouse,Frontpage_Header,Red,4.5,Hit
109754,Blouse,Frontpage_Header,Black,5.5,Hit
208687,T-Shirt,Catalog,Black,3.4,Hit
705846,Tunic,Catalog,Yellow,2.6,Flop
715758,T-Shirt,Display_Ad_Campaign,Black,4.1,Hit
279789,T-Shirt,Category_Highlight,Brown,5.5,Hit
177852,Tunic,Display_Ad_Campaign,Multi-Color,4.4,Hit
328001,Polo-Shirt,Display_Ad_Campaign,Multi-Color,4.1,Hit
662837,Polo-Shirt,Catalog,Multi-Color,3.3,Flop
707990,Sweatshirt,Category_Highlight,Blue,3.4,Hit
396336,Polo-Shirt,Category_Highlight,Pink,2.3,Flop
427150,T-Shirt,Catalog,Blue,2.8,Hit
501730,Tunic,Category_Highlight,Yellow,3.2,Flop
147440,Polo-Shirt,Category_Highlight,Black,3.6,Hit
466666,T-Shirt,Catalog,Multi-Color,1.1,Flop
169297,Sweatshirt,Display_Ad_Campaign,Black,3.6,Hit
488888,T-Shirt,Catalog,Multi-Color,1.2,Flop
969651,Sweatshirt,Catalog,Orange,4.1,Hit
788885,T-Shirt,Frontpage_Header,Yellow,3.6,Hit
164399,T-Shirt,Catalog,Multi-Color,1.8,Flop
644702,T-Shirt,Display_Ad_Campaign,Red,4.4,Hit
125764,Sweatshirt,Display_Ad_Campaign,Orange,4.3,Hit
905422,Tunic,Category_Highlight,Multi-Color,3.5,Hit
688951,Blouse,Display_Ad_Campaign,Blue,4.8,Hit
560237,Polo-Shirt,Catalog,Pink,3.1,Hit
247188,Sweatshirt,Frontpage_Header,Green,3.4,Hit
512115,Tunic,Category_Highlight,Green,3.8,Hit
472245,Hoodie,Category_Highlight,White,4.5,Hit
789744,Polo-Shirt,Frontpage_Header,Blue,3.4,Hit
954538,T-Shirt,Display_Ad_Campaign,Black,3.9,Hit
557599,T-Shirt,Category_Highlight,Green,5.0,Hit
868180,Hoodie,Catalog,Yellow,3.1,Hit
981698,Sweatshirt,Catalog,Multi-Color,2.2,Flop
556293,T-Shirt,Frontpage_Header,Green,3.4,Hit
779583,Sweatshirt,Display_Ad_Campaign,Green,5.4,Hit
442101,Blouse,Catalog,Red,2.2,Flop
927045,Sweatshirt,Frontpage_Header,Red,3.8,Hit
704896,Sweatshirt,Catalog,Multi-Color,1.2,Flop
101862,T-Shirt,Frontpage_Header,Multi-Color,4.9,Hit
160346,Sweatshirt,Display_Ad_Campaign,Orange,4.2,Hit
455264,Polo-Shirt,Category_Highlight,Blue,4.2,Hit
588579,Polo-Shirt,Catalog,Pink,3.0,Hit
359288,Blouse,Category_Highlight,Blue,2.8,Flop
924971,Blouse,Catalog,Pink,3.8,Hit
940081,Tunic,Category_Highlight,Multi-Color,3.0,Flop
777464,Sweatshirt,Frontpage_Header,Blue,3.3,Hit
695831,Polo-Shirt,Frontpage_Header,Green,2.5,Flop
234836,T-Shirt,Frontpage_Header,Black,5.0,Hit
680138,Tunic,Category_Highlight,Red,3.5,Flop
610077,Polo-Shirt,Catalog,Yellow,5.1,Hit
820961,T-Shirt,Catalog,Multi-Color,1.1,Flop
922967,T-Shirt,Catalog,Blue,3.2,Hit
405946,Hoodie,Frontpage_Header,Yellow,2.0,Flop
811517,Sweatshirt,Frontpage_Header,Blue,2.2,Flop
794233,Tunic,Display_Ad_Campaign,Black,3.1,Hit
404201,T-Shirt,Catalog,Multi-Color,1.1,Flop
318420,Blouse,Frontpage_Header,Black,4.6,Hit
826172,Polo-Shirt,Category_Highlight,White,4.1,Hit
775535,Tunic,Display_Ad_Campaign,Green,2.8,Flop
822356,Tunic,Catalog,Multi-Color,2.5,Flop
729708,Polo-Shirt,Category_Highlight,Multi-Color,2.5,Flop
658639,Polo-Shirt,Frontpage_Header,Red,4.1,Hit
545734,T-Shirt,Category_Highlight,Multi-Color,3.9,Hit
892419,T-Shirt,Catalog,Green,3.9,Hit
828781,Blouse,Frontpage_Header,Multi-Color,3.7,Hit
202159,Blouse,Frontpage_Header,Black,4.8,Hit
374323,Sweatshirt,Catalog,Red,1.8,Flop
687111,Sweatshirt,Frontpage_Header,Blue,2.9,Hit
956621,T-Shirt,Display_Ad_Campaign,Black,3.9,Hit
370494,Hoodie,Catalog,Orange,2.3,Flop
853814,Sweatshirt,Category_Highlight,Multi-Color,2.2,Flop
806520,Hoodie,Category_Highlight,White,4.1,Hit
759870,T-Shirt,Display_Ad_Campaign,Black,3.7,Hit
506209,Sweatshirt,Display_Ad_Campaign,Multi-Color,1.9,Flop
955450,Hoodie,Category_Highlight,Red,1.3,Flop
959400,Polo-Shirt,Display_Ad_Campaign,Yellow,5.6,Hit
795866,Polo-Shirt,Display_Ad_Campaign,Black,2.2,Flop
790267,Tunic,Category_Highlight,Yellow,2.7,Flop
229438,Blouse,Display_Ad_Campaign,Brown,4.9,Hit
125678,Blouse,Category_Highlight,Blue,2.6,Flop
730931,Polo-Shirt,Category_Highlight,Red,3.7,Flop
275537,Polo-Shirt,Display_Ad_Campaign,Yellow,4.9,Hit
278365,Hoodie,Catalog,Orange,2.9,Hit
974349,T-Shirt,Category_Highlight,Multi-Color,3.4,Hit
631762,T-Shirt,Catalog,Yellow,4.1,Hit
849440,Sweatshirt,Display_Ad_Campaign,Blue,3.1,Hit
350634,Polo-Shirt,Catalog,Yellow,3.6,Hit
671308,Polo-Shirt,Display_Ad_Campaign,Blue,1.8,Flop
797395,Blouse,Display_Ad_Campaign,White,4.9,Hit
118685,Blouse,Frontpage_Header,Red,4.5,Hit
526844,Polo-Shirt,Catalog,Multi-Color,3.1,Flop
126453,T-Shirt,Category_Highlight,Yellow,4.3,Hit
820430,Hoodie,Catalog,Orange,3.8,Hit
291003,Sweatshirt,Catalog,Red,1.6,Flop
262442,Sweatshirt,Catalog,Red,1.2,Flop
154121,Hoodie,Catalog,Green,3.9,Hit
795481,T-Shirt,Display_Ad_Campaign,Red,4.6,Hit
279260,T-Shirt,Frontpage_Header,Black,4.3,Hit
202323,Polo-Shirt,Frontpage_Header,Pink,2.8,Hit
164356,T-Shirt,Display_Ad_Campaign,Black,3.5,Hit
925303,T-Shirt,Catalog,Yellow,3.9,Hit
543217,Sweatshirt,Frontpage_Header,Pink,3.6,Hit
289379,Hoodie,Catalog,Yellow,2.9,Flop
727625,Hoodie,Catalog,Orange,2.5,Flop
512550,Tunic,Frontpage_Header,Multi-Color,2.4,Flop
388583,Sweatshirt,Frontpage_Header,Red,1.8,Flop
749134,Polo-Shirt,Catalog,Blue,1.9,Flop
809302,Hoodie,Catalog,Yellow,2.5,Flop
565179,T-Shirt,Category_Highlight,Yellow,3.8,Hit
461251,T-Shirt,Catalog,Black,3.9,Hit
824124,Sweatshirt,Catalog,Orange,4.2,Hit
372146,Sweatshirt,Catalog,Multi-Color,2.6,Flop
588144,Tunic,Frontpage_Header,Multi-Color,3.1,Hit
449775,Hoodie,Category_Highlight,Blue,2.4,Flop
897269,Sweatshirt,Catalog,Pink,3.7,Hit
388781,Tunic,Frontpage_Header,Multi-Color,2.8,Flop
461805,Sweatshirt,Catalog,Multi-Color,2.9,Flop
598663,Tunic,Category_Highlight,Blue,4.6,Hit
643182,Hoodie,Catalog,Green,3.9,Hit
430479,T-Shirt,Catalog,Yellow,4.5,Hit
551741,Tunic,Category_Highlight,Multi-Color,3.1,Flop
540320,Polo-Shirt,Category_Highlight,Green,2.8,Flop
697963,Hoodie,Category_Highlight,Multi-Color,3.5,Hit
878528,Blouse,Display_Ad_Campaign,Blue,5.0,Hit
720364,T-Shirt,Frontpage_Header,Blue,3.0,Hit
669211,Sweatshirt,Category_Highlight,Red,1.5,Flop
652911,T-Shirt,Frontpage_Header,Yellow,4.4,Hit
489615,Tunic,Category_Highlight,Brown,3.7,Hit
356019,Blouse,Frontpage_Header,Red,4.3,Hit
508487,T-Shirt,Catalog,Black,3.8,Hit
407571,T-Shirt,Display_Ad_Campaign,Orange,4.8,Hit
168757,Tunic,Display_Ad_Campaign,Blue,1.8,Flop
446127,Sweatshirt,Catalog,Orange,4.5,Hit
958825,T-Shirt,Catalog,Multi-Color,2.0,Flop
607032,Blouse,Category_Highlight,Black,3.3,Hit
309827,Tunic,Catalog,Brown,4.7,Hit
961094,Polo-Shirt,Category_Highlight,White,3.6,Hit
502714,Sweatshirt,Catalog,Multi-Color,1.7,Flop
232125,Blouse,Frontpage_Header,Blue,3.6,Hit
231179,Polo-Shirt,Frontpage_Header,White,4.2,Hit
259052,Sweatshirt,Category_Highlight,Red,1.0,Flop
670736,Sweatshirt,Display_Ad_Campaign,Blue,3.5,Hit
816541,Hoodie,Catalog,Green,3.6,Hit
349572,T-Shirt,Catalog,Red,0.8,Flop
603014,Polo-Shirt,Catalog,Brown,3.4,Hit
102888,Sweatshirt,Display_Ad_Campaign,White,2.9,Hit
195233,Sweatshirt,Display_Ad_Campaign,Orange,4.2,Hit
167148,Polo-Shirt,Catalog,Blue,2.4,Flop
348211,Sweatshirt,Display_Ad_Campaign,White,4.6,Hit
713763,Sweatshirt,Display_Ad_Campaign,Red,1.8,Flop
571627,T-Shirt,Catalog,Black,2.8,Hit
900507,Tunic,Category_Highlight,Yellow,2.5,Flop
262176,T-Shirt,Category_Highlight,Green,4.2,Hit
147597,Tunic,Display_Ad_Campaign,Blue,3.0,Hit
943072,Blouse,Catalog,Red,2.6,Flop
956174,Blouse,Catalog,Yellow,3.4,Hit
650114,Tunic,Category_Highlight,Brown,4.4,Hit
420441,Hoodie,Category_Highlight,White,4.5,Hit
899741,Tunic,Category_Highlight,Multi-Color,2.0,Flop
163217,T-Shirt,Category_Highlight,Yellow,3.8,Hit
254925,Blouse,Frontpage_Header,Multi-Color,4.4,Hit
263643,Blouse,Catalog,Yellow,4.7,Hit
359915,T-Shirt,Category_Highlight,Multi-Color,3.7,Hit
515715,T-Shirt,Category_Highlight,Red,3.5,Hit
958723,Polo-Shirt,Catalog,Blue,1.6,Flop
377039,Hoodie,Catalog,Orange,2.9,Hit
351509,Hoodie,Catalog,Orange,2.9,Hit
783171,Blouse,Frontpage_Header,Black,5.5,Hit
589986,Sweatshirt,Catalog,Red,1.7,Flop
483604,Sweatshirt,Catalog,Blue,5.2,Hit
267985,Polo-Shirt,Frontpage_Header,Pink,2.4,Flop
460740,Blouse,Frontpage_Header,Red,3.8,Hit
121486,Polo-Shirt,Catalog,Blue,2.1,Flop
517401,Blouse,Display_Ad_Campaign,Brown,5.5,Hit
472838,Hoodie,Category_Highlight,Orange,2.7,Hit
972316,Hoodie,Category_Highlight,Pink,3.4,Hit
789992,T-Shirt,Frontpage_Header,Multi-Color,4.7,Hit
269806,Tunic,Category_Highlight,Yellow,2.5,Flop
102301,Polo-Shirt,Category_Highlight,White,4.4,Hit
702085,Hoodie,Catalog,White,5.0,Hit
498440,Blouse,Catalog,Black,2.1,Flop
347316,Hoodie,Display_Ad_Campaign,Yellow,3.8,Hit
479332,Polo-Shirt,Category_Highlight,Brown,3.9,Hit
888144,T-Shirt,Display_Ad_Campaign,Black,4.2,Hit
233065,Sweatshirt,Frontpage_Header,Green,3.3,Hit
126756,Tunic,Frontpage_Header,Black,3.2,Hit
158805,Polo-Shirt,Display_Ad_Campaign,Yellow,5.1,Hit
376303,T-Shirt,Catalog,Orange,1.6,Flop
369021,Sweatshirt,Display_Ad_Campaign,Blue,3.2,Hit
634815,Tunic,Frontpage_Header,Blue,3.3,Hit
424501,Hoodie,Category_Highlight,Black,3.6,Hit
276642,Polo-Shirt,Catalog,Green,2.3,Flop
308842,Blouse,Display_Ad_Campaign,Brown,4.8,Hit
639569,T-Shirt,Category_Highlight,Multi-Color,3.3,Hit
436686,T-Shirt,Category_Highlight,Multi-Color,3.4,Hit
178616,T-Shirt,Frontpage_Header,Yellow,5.3,Hit
208500,Tunic,Display_Ad_Campaign,Black,2.5,Flop
527901,Blouse,Frontpage_Header,Black,4.8,Hit
960761,Blouse,Display_Ad_Campaign,White,5.1,Hit
926116,Polo-Shirt,Category_Highlight,Blue,4.3,Hit
331170,Blouse,Frontpage_Header,Multi-Color,2.9,Flop
736568,T-Shirt,Category_Highlight,Brown,4.3,Hit
109191,Polo-Shirt,Category_Highlight,Yellow,3.6,Hit
864121,T-Shirt,Frontpage_Header,Multi-Color,4.4,Hit
283948,Hoodie,Category_Highlight,Brown,4.5,Hit
807364,Sweatshirt,Catalog,Pink,4.3,Hit
576664,Tunic,Category_Highlight,Brown,4.1,Hit
837034,T-Shirt,Catalog,Multi-Color,1.6,Flop
564456,Tunic,Category_Highlight,Blue,3.3,Hit
178587,Sweatshirt,Display_Ad_Campaign,Black,5.0,Hit
212320,T-Shirt,Category_Highlight,Pink,3.8,Hit
810966,T-Shirt,Catalog,Red,1.2,Flop
591127,Polo-Shirt,Catalog,White,2.2,Flop
150446,T-Shirt,Category_Highlight,Yellow,4.0,Hit
706703,Sweatshirt,Catalog,Orange,4.8,Hit
126460,T-Shirt,Catalog,Multi-Color,1.7,Flop
770479,Sweatshirt,Frontpage_Header,Green,2.3,Flop
603383,Tunic,Frontpage_Header,White,3.3,Hit
355812,Polo-Shirt,Category_Highlight,Blue,3.8,Hit
809416,Polo-Shirt,Category_Highlight,Multi-Color,3.0,Flop
382675,Tunic,Display_Ad_Campaign,Black,3.0,Flop
421705,Hoodie,Category_Highlight,Multi-Color,2.4,Flop
891095,Sweatshirt,Frontpage_Header,Pink,3.5,Hit
549869,Blouse,Catalog,Pink,4.3,Hit
368488,T-Shirt,Category_Highlight,Multi-Color,3.2,Hit
511387,Polo-Shirt,Display_Ad_Campaign,Yellow,5.2,Hit
179359,Sweatshirt,Display_Ad_Campaign,Multi-Color,3.1,Flop
706280,Blouse,Catalog,Black,4.8,Hit
726483,Blouse,Frontpage_Header,White,3.0,Hit
567157,Hoodie,Display_Ad_Campaign,Green,3.7,Hit
696497,Sweatshirt,Catalog,Black,4.6,Hit
500944,Sweatshirt,Frontpage_Header,Pink,2.9,Hit
746179,Tunic,Display_Ad_Campaign,Multi-Color,3.9,Hit
761926,T-Shirt,Category_Highlight,Green,4.8,Hit
564617,Blouse,Catalog,Yellow,4.0,Hit
666165,Sweatshirt,Display_Ad_Campaign,Pink,4.9,Hit
552817,Polo-Shirt,Catalog,Pink,3.2,Hit
811861,T-Shirt,Display_Ad_Campaign,Black,3.4,Hit
630622,Blouse,Display_Ad_Campaign,Blue,5.2,Hit
378637,T-Shirt,Display_Ad_Campaign,Black,3.7,Hit
889389,T-Shirt,Frontpage_Header,Blue,4.0,Hit
869712,Sweatshirt,Frontpage_Header,Pink,3.2,Hit
712332,Polo-Shirt,Catalog,Orange,3.6,Hit
970545,Polo-Shirt,Frontpage_Header,Brown,2.8,Flop
605766,Sweatshirt,Frontpage_Header,Red,4.4,Hit
972963,T-Shirt,Category_Highlight,Yellow,3.7,Hit
732929,T-Shirt,Catalog,Black,2.8,Hit
389890,Sweatshirt,Catalog,Orange,3.9,Hit
817726,Tunic,Display_Ad_Campaign,Black,2.5,Flop
959694,Polo-Shirt,Category_Highlight,Red,2.7,Flop
268194,Sweatshirt,Frontpage_Header,Yellow,3.5,Hit
597846,Sweatshirt,Display_Ad_Campaign,Orange,5.3,Hit
320568,Polo-Shirt,Category_Highlight,Blue,3.7,Hit
960079,Blouse,Frontpage_Header,Blue,3.7,Hit
921479,Hoodie,Catalog,Yellow,2.5,Flop
140039,Hoodie,Frontpage_Header,Green,4.2,Hit
324985,Sweatshirt,Catalog,Red,4.5,Hit
858909,Blouse,Display_Ad_Campaign,Yellow,2.8,Flop
206341,Polo-Shirt,Catalog,Pink,3.1,Hit
240528,Polo-Shirt,Display_Ad_Campaign,Yellow,3.1,Flop
305858,Tunic,Frontpage_Header,Blue,3.8,Hit
528841,T-Shirt,Frontpage_Header,Multi-Color,4.5,Hit
805707,Hoodie,Catalog,Pink,2.1,Flop
546901,T-Shirt,Frontpage_Header,Yellow,4.8,Hit
267230,T-Shirt,Category_Highlight,Green,5.0,Hit
860865,Polo-Shirt,Frontpage_Header,Yellow,2.9,Flop
896530,Hoodie,Category_Highlight,White,4.9,Hit
242926,Tunic,Category_Highlight,Multi-Color,3.2,Flop
497234,Sweatshirt,Frontpage_Header,Green,2.3,Flop
593477,Sweatshirt,Display_Ad_Campaign,White,3.2,Hit
673074,Sweatshirt,Catalog,Black,5.1,Hit
343705,Sweatshirt,Frontpage_Header,Green,3.6,Hit
149073,Tunic,Frontpage_Header,Brown,3.2,Hit
237726,Sweatshirt,Catalog,Black,5.6,Hit
423148,Blouse,Display_Ad_Campaign,Blue,5.6,Hit
658851,Hoodie,Category_Highlight,White,4.0,Hit
504547,Tunic,Frontpage_Header,Multi-Color,3.2,Hit
505490,Tunic,Category_Highlight,Brown,4.1,Hit
565863,T-Shirt,Display_Ad_Campaign,Black,3.4,Hit
263049,Sweatshirt,Display_Ad_Campaign,Red,2.1,Flop
804869,Tunic,Display_Ad_Campaign,Multi-Color,4.2,Hit
696906,Blouse,Frontpage_Header,Blue,3.4,Hit
418762,Polo-Shirt,Display_Ad_Campaign,Yellow,3.4,Flop
785036,Blouse,Category_Highlight,Red,0.9,Flop
187433,Blouse,Frontpage_Header,Black,5.3,Hit
141834,T-Shirt,Frontpage_Header,Black,4.4,Hit
757086,Sweatshirt,Catalog,Black,4.4,Hit
514145,Sweatshirt,Category_Highlight,Red,1.0,Flop
834188,Polo-Shirt,Category_Highlight,Blue,2.9,Flop
988915,T-Shirt,Catalog,Green,5.4,Hit
882222,Polo-Shirt,Display_Ad_Campaign,Green,4.9,Hit
641885,Hoodie,Category_Highlight,Brown,3.5,Hit
141533,Tunic,Frontpage_Header,Multi-Color,3.2,Hit
227396,Blouse,Catalog,Multi-Color,2.5,Flop
341833,Tunic,Category_Highlight,Multi-Color,3.2,Flop
878188,T-Shirt,Category_Highlight,Yellow,4.5,Hit
693962,Tunic,Frontpage_Header,Yellow,3.2,Hit
669001,Blouse,Display_Ad_Campaign,Brown,4.9,Hit
829405,Tunic,Display_Ad_Campaign,Multi-Color,4.4,Hit
636081,Sweatshirt,Catalog,Black,5.3,Hit
226926,Tunic,Display_Ad_Campaign,Black,2.5,Flop
263827,Polo-Shirt,Frontpage_Header,Green,3.1,Hit
816812,Hoodie,Category_Highlight,Blue,3.5,Hit
249760,Hoodie,Catalog,Pink,4.7,Hit
731758,Polo-Shirt,Frontpage_Header,Blue,3.8,Hit
841817,T-Shirt,Category_Highlight,Green,4.9,Hit
625405,Tunic,Category_Highlight,Orange,2.9,Hit
813064,T-Shirt,Display_Ad_Campaign,Black,3.3,Hit
293015,Tunic,Frontpage_Header,Blue,3.5,Hit
432211,Hoodie,Catalog,Black,5.1,Hit
169377,Tunic,Catalog,Multi-Color,3.4,Hit
459538,Hoodie,Catalog,Red,3.5,Hit
574813,Polo-Shirt,Category_Highlight,Orange,2.3,Flop
543161,Sweatshirt,Display_Ad_Campaign,Orange,4.1,Hit
276660,Polo-Shirt,Catalog,Multi-Color,4.0,Hit
268934,T-Shirt,Category_Highlight,Green,5.1,Hit
239795,Sweatshirt,Category_Highlight,Red,2.0,Flop
171787,Sweatshirt,Category_Highlight,Red,1.5,Flop
467257,Tunic,Frontpage_Header,Red,3.8,Hit
935644,T-Shirt,Catalog,Red,4.4,Hit
398066,Polo-Shirt,Catalog,Yellow,4.5,Hit
219822,Polo-Shirt,Catalog,Orange,2.7,Flop
288881,T-Shirt,Category_Highlight,Black,3.3,Hit
749860,T-Shirt,Catalog,Red,4.1,Hit
970078,Hoodie,Catalog,Green,3.4,Hit
750995,Polo-Shirt,Category_Highlight,Blue,2.1,Flop
693467,T-Shirt,Display_Ad_Campaign,Black,3.8,Hit
941674,Tunic,Frontpage_Header,Multi-Color,2.8,Flop
554567,Tunic,Category_Highlight,Yellow,2.8,Flop
872513,Blouse,Category_Highlight,Yellow,4.7,Hit
321380,Blouse,Catalog,Red,4.1,Hit
611889,T-Shirt,Frontpage_Header,Multi-Color,4.2,Hit
199415,Sweatshirt,Frontpage_Header,Black,3.3,Hit
397272,Blouse,Category_Highlight,Blue,2.9,Hit
900893,T-Shirt,Category_Highlight,Multi-Color,3.7,Hit
496867,Sweatshirt,Catalog,Multi-Color,2.0,Flop
292834,Polo-Shirt,Category_Highlight,Orange,1.6,Flop
296508,Polo-Shirt,Category_Highlight,Orange,2.7,Flop
836655,Blouse,Frontpage_Header,Blue,2.6,Hit
411428,Polo-Shirt,Category_Highlight,Brown,3.8,Hit
932389,Blouse,Category_Highlight,Multi-Color,1.9,Flop
640134,Polo-Shirt,Catalog,White,2.1,Flop
905451,T-Shirt,Frontpage_Header,Yellow,4.3,Hit
172206,Hoodie,Catalog,Orange,2.3,Flop
641516,Tunic,Frontpage_Header,White,1.7,Flop
409637,Tunic,Catalog,Green,3.2,Hit
274539,T-Shirt,Category_Highlight,Multi-Color,1.6,Flop
643055,T-Shirt,Category_Highlight,Yellow,3.5,Hit
868521,T-Shirt,Category_Highlight,Green,5.6,Hit
413988,Blouse,Display_Ad_Campaign,Blue,5.4,Hit
150322,Tunic,Frontpage_Header,Multi-Color,3.0,Hit
415864,T-Shirt,Frontpage_Header,Yellow,4.4,Hit
124144,Polo-Shirt,Catalog,Pink,3.4,Hit
489808,Sweatshirt,Catalog,Red,2.3,Flop
654097,T-Shirt,Catalog,Black,3.4,Hit
168681,Hoodie,Catalog,Blue,1.9,Flop
248588,Tunic,Category_Highlight,Red,3.5,Flop
252425,Sweatshirt,Frontpage_Header,Green,2.6,Hit
877006,T-Shirt,Catalog,Black,4.0,Hit
218918,Tunic,Frontpage_Header,Multi-Color,3.6,Hit
555864,Blouse,Frontpage_Header,Blue,4.1,Hit
411725,Tunic,Category_Highlight,Brown,3.8,Hit
609216,Polo-Shirt,Category_Highlight,Blue,3.6,Hit
254127,Tunic,Display_Ad_Campaign,Black,2.6,Flop
689797,Blouse,Display_Ad_Campaign,Brown,4.7,Hit
647071,Blouse,Frontpage_Header,Black,3.3,Hit
125705,Hoodie,Category_Highlight,Yellow,2.8,Flop
547406,T-Shirt,Catalog,Blue,3.3,Hit
644815,Blouse,Frontpage_Header,Multi-Color,2.8,Flop
794627,Tunic,Frontpage_Header,Black,3.0,Hit
338800,T-Shirt,Catalog,Blue,3.1,Hit
173433,Tunic,Category_Highlight,Green,3.6,Hit
762971,Blouse,Category_Highlight,Multi-Color,3.3,Flop
855218,Blouse,Frontpage_Header,Black,5.2,Hit
688956,Polo-Shirt,Category_Highlight,Multi-Color,3.2,Flop
764713,Hoodie,Catalog,Yellow,3.3,Hit
606544,T-Shirt,Display_Ad_Campaign,Black,3.7,Hit
145790,Polo-Shirt,Display_Ad_Campaign,Yellow,3.8,Hit
818120,Polo-Shirt,Category_Highlight,Orange,2.9,Flop
247162,Sweatshirt,Frontpage_Header,Green,3.3,Hit
200561,Polo-Shirt,Display_Ad_Campaign,Yellow,4.5,Hit
199814,Tunic,Category_Highlight,Red,3.6,Flop
617108,Sweatshirt,Catalog,Multi-Color,2.7,Flop
716084,T-Shirt,Frontpage_Header,Yellow,4.1,Hit
348638,Polo-Shirt,Category_Highlight,Multi-Color,3.4,Flop
942795,Polo-Shirt,Category_Highlight,Yellow,3.8,Hit
849776,Polo-Shirt,Catalog,Multi-Color,3.2,Flop
125145,Hoodie,Category_Highlight,White,4.5,Hit
595518,Sweatshirt,Frontpage_Header,Black,4.6,Hit
343053,Tunic,Category_Highlight,Multi-Color,3.9,Hit
960942,Sweatshirt,Category_Highlight,Red,1.4,Flop
647506,Hoodie,Category_Highlight,Orange,2.7,Hit
965920,T-Shirt,Catalog,Black,3.6,Hit
877171,Polo-Shirt,Category_Highlight,Blue,3.4,Hit
752975,Hoodie,Catalog,Green,2.4,Flop
160211,Blouse,Display_Ad_Campaign,Green,4.8,Hit
872696,Hoodie,Catalog,Orange,3.3,Hit
678715,Hoodie,Category_Highlight,White,4.2,Hit
844022,Sweatshirt,Frontpage_Header,Pink,4.0,Hit
385692,Tunic,Frontpage_Header,Red,2.8,Flop
688653,Hoodie,Catalog,Yellow,3.0,Flop
493606,T-Shirt,Category_Highlight,Blue,2.8,Hit
478594,Hoodie,Display_Ad_Campaign,Green,4.0,Hit
594930,Sweatshirt,Frontpage_Header,Black,4.5,Hit
130809,Polo-Shirt,Category_Highlight,Orange,2.7,Flop
176310,Blouse,Display_Ad_Campaign,Blue,4.9,Hit
477751,Polo-Shirt,Catalog,Blue,1.7,Flop
342821,Hoodie,Catalog,Orange,3.0,Hit
428569,Polo-Shirt,Catalog,Multi-Color,3.8,Hit
665944,Tunic,Frontpage_Header,Red,2.5,Flop
367410,Polo-Shirt,Catalog,Yellow,3.3,Flop
946820,Tunic,Frontpage_Header,Blue,3.7,Hit
803789,Blouse,Category_Highlight,Blue,2.5,Flop
684067,Sweatshirt,Frontpage_Header,Black,4.8,Hit
343579,Sweatshirt,Display_Ad_Campaign,Orange,4.2,Hit
591105,Polo-Shirt,Catalog,Red,2.3,Flop
291933,Blouse,Frontpage_Header,Blue,2.3,Flop
923241,Polo-Shirt,Category_Highlight,Blue,3.5,Hit
509759,Hoodie,Category_Highlight,White,4.7,Hit
259920,Polo-Shirt,Category_Highlight,Blue,3.7,Hit
707527,Hoodie,Catalog,Yellow,2.6,Flop
517672,Sweatshirt,Catalog,Black,4.9,Hit
107669,Polo-Shirt,Display_Ad_Campaign,Multi-Color,4.4,Hit
413725,Hoodie,Category_Highlight,Pink,2.3,Flop
913462,T-Shirt,Category_Highlight,Green,4.0,Hit
303792,Blouse,Display_Ad_Campaign,Black,3.1,Hit
880358,Tunic,Category_Highlight,Multi-Color,3.2,Flop
482766,Polo-Shirt,Category_Highlight,Red,2.2,Flop
737003,T-Shirt,Catalog,Multi-Color,1.5,Flop
583920,Blouse,Display_Ad_Campaign,Blue,5.2,Hit
505043,Blouse,Catalog,Pink,3.3,Hit
826886,Hoodie,Catalog,Pink,3.6,Hit
223318,Blouse,Frontpage_Header,Multi-Color,4.8,Hit
532002,Hoodie,Catalog,Yellow,2.7,Flop
879918,Hoodie,Frontpage_Header,White,4.9,Hit
672300,Polo-Shirt,Catalog,Brown,2.8,Flop
468767,Tunic,Category_Highlight,Blue,5.0,Hit
413695,Blouse,Frontpage_Header,Blue,2.6,Hit
745851,Tunic,Category_Highlight,Multi-Color,4.0,Hit
540996,T-Shirt,Frontpage_Header,Multi-Color,4.9,Hit
867271,Sweatshirt,Display_Ad_Campaign,Orange,4.2,Hit
501887,Blouse,Frontpage_Header,Blue,4.4,Hit
884339,Tunic,Display_Ad_Campaign,Multi-Color,4.0,Hit
289649,Sweatshirt,Category_Highlight,Blue,2.8,Hit
507327,T-Shirt,Display_Ad_Campaign,Black,2.9,Hit
121001,Sweatshirt,Frontpage_Header,Multi-Color,3.0,Hit
740442,Sweatshirt,Category_Highlight,Blue,2.6,Hit
439473,Sweatshirt,Catalog,Multi-Color,2.1,Flop
195518,Tunic,Category_Highlight,Brown,3.8,Hit
875530,T-Shirt,Category_Highlight,Yellow,4.4,Hit
581858,Tunic,Category_Highlight,Multi-Color,3.9,Hit
845065,Tunic,Frontpage_Header,Multi-Color,3.5,Hit
553612,Hoodie,Frontpage_Header,Green,2.9,Hit
791086,T-Shirt,Category_Highlight,Green,4.5,Hit
345109,Hoodie,Catalog,Yellow,2.8,Flop
531016,Polo-Shirt,Frontpage_Header,Brown,2.0,Flop
779343,Polo-Shirt,Category_Highlight,Green,2.5,Flop
193798,Polo-Shirt,Display_Ad_Campaign,Yellow,5.6,Hit
481793,Polo-Shirt,Category_Highlight,Multi-Color,2.8,Flop
429925,Blouse,Category_Highlight,Blue,3.8,Hit
376794,T-Shirt,Category_Highlight,Green,5.0,Hit
470289,Tunic,Catalog,Green,2.6,Flop
271185,Polo-Shirt,Catalog,Orange,2.7,Flop
765041,Blouse,Frontpage_Header,Multi-Color,2.7,Flop
985525,T-Shirt,Category_Highlight,Multi-Color,1.5,Flop
